challengeId,contentFingerprint,roundType,prompt,acceptedAnswers,aliases,difficulty,difficultyMethod,answerRationale,sourceRecordPreparedOn,verificationDate,sourceReferences,timeSensitive,reviewBy,editorialStatus,reviewerId,reviewedOn,reviewerFingerprint,reviewerIndependent,sourceVerified,wordingChecked,answersAndAliasesChecked,difficultyChecked,playtested,reviewerNotes
"top10-attractions","fnv1a32-d71adc54","TOP_10","Top 10 Most Visited UK Paid/Ticketed Visitor Attractions","Tower of London || Kew Gardens || Chester Zoo || Windsor Castle || Edinburgh Castle || Westminster Abbey || Stonehenge || St Paul's Cathedral || Roman Baths Bath || Eden Project","tower || the tower || tower london || royal botanic gardens kew || kew || chester || windsor || edinburgh || westminster || stone henge || st pauls || st paul || saint pauls || roman baths || the baths || bath baths || eden || eden cornwall","EXPERT","RULES_ENGINE","The British Museum and Tate Modern are technically free (barring aggressive donation boxes), leaving the Tower of London to comfortably exploit tourists wishing to see where monarchs historically chopped each other’s heads off.","2026-08-31","","ALVA (Association of Leading Visitor Attractions) Official Figures | https://www.alva.org.uk/","true","2027-02-28","READY_FOR_INDEPENDENT_REVIEW","","","","","","","","","",""
"top10-longest-rivers","fnv1a32-7841a26c","TOP_10","Top 10 Longest Rivers in the United Kingdom","River Severn || River Thames || River Trent || River Great Ouse || River Wye || River Tay || River Spey || River Clyde || River Nene || River Tweed","severn || thames || trent || great ouse || ouse || wye || afon gwy || tay || spey || clyde || nene || tweed","EXPERT","RULES_ENGINE","Londoners routinely assume the Thames is the longest. The Severn, rising in the Cambrian Mountains, quietly exceeds it by 5 miles, entirely without fanfare or royal pageantry.","2026-08-31","","UK Centre for Ecology & Hydrology | https://www.ceh.ac.uk/","true","2027-02-28","READY_FOR_INDEPENDENT_REVIEW","","","","","","","","","",""
"top10-peaks","fnv1a32-068dde88","TOP_10","Top 10 Highest Mountain Peaks in the United Kingdom","Ben Nevis || Ben Macdui || Braeriach || Cairn Toul || Sgor an Lochain Uaine || Cairn Gorm || Aonach Beag || Aonach Mor || Carn Mor Dearg || Ben Lawers","nevis || beinn nibheis || macdui || beinn macduibh || am braeriach || cairntoul || carn an t-sabhal || angel's peak || angels peak || sgor an lochain || cairngorm || aonach beag nevis || aonach mor || cmd || carn mor dearg || lawers","EXPERT","RULES_ENGINE","All top 10 peaks are Munros in Scotland. Anyone attempting to locate Snowdon or Scafell Pike on this list has sorely underestimated the rugged stubbornness of the Scottish Highlands.","2026-08-31","","Ordnance Survey MasterMap Topography | https://www.ordnancesurvey.co.uk/","true","2027-02-28","READY_FOR_INDEPENDENT_REVIEW","","","","","","","","","",""
"top10-populous-cities","fnv1a32-8292a0b2","TOP_10","Top 10 Most Populous UK Cities / Major Settlement Areas","London || Birmingham || Glasgow || Manchester || Liverpool || Edinburgh || Sheffield || Leeds || Bristol || Leicester","greater london || brum || glaschu || greater manchester || scouse || dun eideann || steel city || west yorkshire leeds || city of bristol || city of leicester","EXPERT","RULES_ENGINE","Administrative boundary quirks mean Leeds as a metropolitan district is huge, but as a discrete core urban area, Birmingham remains Britain’s undisputed second city.","2026-08-31","","Office for National Statistics (ONS) Census Data | https://www.ons.gov.uk/","true","2027-02-28","READY_FOR_INDEPENDENT_REVIEW","","","","","","","","","",""
"top10-surnames","fnv1a32-3669f354","TOP_10","Top 10 Most Common Surnames in the United Kingdom","Smith || Jones || Taylor || Brown || Williams || Wilson || Johnson || Davies || Patel || Robinson","smyth || johns || tayler || browne || william || wilsone || johnsen || davis || patell || robinsonne","EXPERT","RULES_ENGINE","Centuries of occupational medieval naming guarantee that blacksmiths (Smith) and Welsh patronymics (Jones, Williams, Davies) dominate British telephone directories in perpetuity.","2026-08-31","","General Register Office & ONS Database | https://www.ons.gov.uk/","true","2027-02-28","READY_FOR_INDEPENDENT_REVIEW","","","","","","","","","",""
"top10-english-counties-size","fnv1a32-91687a2e","TOP_10","Top 10 Largest English Ceremonial Counties by Land Area","North Yorkshire || Lincolnshire || Cumbria || Devon || Norfolk || Northumberland || Somerset || Hampshire || Kent || Suffolk","north yorks || n yorkshire || lincs || lake district county || devonshire || norfolk county || northumbria || somersetshire || hants || garden of england || east anglia suffolk","EXPERT","RULES_ENGINE","North Yorkshire is larger than several sovereign nations, mostly populated by dry stone walls, sheep, and people politely explaining why God's Own Country is superior.","2026-08-31","","Lieutenancies Act & Ordnance Survey | https://www.ordnancesurvey.co.uk/","true","2027-02-28","READY_FOR_INDEPENDENT_REVIEW","","","","","","","","","",""
"bid-pms-postwar","fnv1a32-69dcb2c1","PUT_UP_OR_SHUT_UP","How many UK Prime Ministers since 1945 can you name?","Clement Attlee || Winston Churchill || Anthony Eden || Harold Macmillan || Alec Douglas-Home || Harold Wilson || Edward Heath || James Callaghan || Margaret Thatcher || John Major || Tony Blair || Gordon Brown || David Cameron || Theresa May || Boris Johnson || Liz Truss || Rishi Sunak || Keir Starmer","attlee || churchill || eden || macmillan || supermac || douglas home || home || douglas-home || wilson || heath || ted heath || callaghan || sunny jim || thatcher || iron lady || major || blair || brown || cameron || may || johnson || boris || truss || lettuce || sunak || starmer","ACCESSIBLE","RULES_ENGINE","There have been 18 Prime Ministers since Clement Attlee took power in July 1945. Liz Truss served for 49 days, outlasted by a supermarket iceberg lettuce.","2026-08-31","","Number 10 Downing Street Official Archives | https://www.gov.uk/","false","","READY_FOR_INDEPENDENT_REVIEW","","","","","","","","","",""
"bid-tube-lines","fnv1a32-ee5a0c4c","PUT_UP_OR_SHUT_UP","How many standard London Underground Lines can you name?","Bakerloo Line || Central Line || Circle Line || District Line || Hammersmith & City Line || Jubilee Line || Metropolitan Line || Northern Line || Piccadilly Line || Victoria Line || Waterloo & City Line || Elizabeth Line","bakerloo || central || circle || district || hammersmith || hammersmith and city || hammersmith & city || jubilee || metropolitan || met || northern || piccadilly || victoria || waterloo and city || waterloo & city || the drain || elizabeth || crossrail","MIXED","RULES_ENGINE","There are 11 official Underground tube lines (plus the Elizabeth Line and Overground network). Harry Beck’s iconic 1931 electrical-circuit schematic map remains one of Britain’s proudest design exports.","2026-08-31","","Transport for London (TfL) | https://tfl.gov.uk/","false","","READY_FOR_INDEPENDENT_REVIEW","","","","","","","","","",""
"bid-national-parks","fnv1a32-ec890246","PUT_UP_OR_SHUT_UP","How many of the 15 National Parks in the UK can you name?","Peak District || Lake District || Dartmoor || North York Moors || Yorkshire Dales || Exmoor || Northumberland || Brecon Beacons / Bannau Brycheiniog || Snowdonia / Eryri || Pembrokeshire Coast || Broads || New Forest || South Downs || Loch Lomond and The Trossachs || Cairngorms","peak district || the peaks || lake district || the lakes || dartmoor || north york moors || north yorkshire moors || yorkshire dales || the dales || exmoor || northumberland || brecon beacons || bannau brycheiniog || brecon || snowdonia || eryri || pembrokeshire || pembrokeshire coast || the broads || norfolk broads || new forest || south downs || loch lomond || the trossachs || trossachs || cairngorms || cairngorm","MIXED","RULES_ENGINE","10 in England, 3 in Wales, and 2 in Scotland. The Peak District was the first designated in 1951 following the 1932 mass trespass on Kinder Scout.","2026-08-31","","National Parks UK | https://www.nationalparks.uk/","false","","READY_FOR_INDEPENDENT_REVIEW","","","","","","","","","",""
"bid-cathedral-cities","fnv1a32-1cbfda42","PUT_UP_OR_SHUT_UP","How many UK cities with medieval/Anglican cathedrals can you name?","Canterbury || York || Salisbury || Durham || Winchester || Ely || Lincoln || Wells || Gloucester || Peterborough || Norwich || Chester || Exeter || Ripon || St Albans || Coventry || Chichester || Carlisle || Hereford || Worcester || St Davids","canterbury || york minster || york || salisbury || durham || winchester || ely || lincoln || wells || gloucester || peterborough || norwich || chester || exeter || ripon || st albans || saint albans || coventry || chichester || carlisle || hereford || worcester || st davids || tyddewi","ACCESSIBLE","RULES_ENGINE","England and Wales house magnificent medieval cathedral foundations. St Davids in Pembrokeshire has a population of just 1,800, making it Britain's smallest cathedral city.","2026-08-31","","Association of English Cathedrals | https://www.englishcathedrals.co.uk/","false","","READY_FOR_INDEPENDENT_REVIEW","","","","","","","","","",""
"list-counties-shire","fnv1a32-2513f4d4","THE_LIST","Name English ceremonial counties that officially end in ""-shire""","Bedfordshire || Berkshire || Buckinghamshire || Cambridgeshire || Cheshire || Derbyshire || Devonshire (Devon) || Gloucestershire || Hampshire || Herefordshire || Hertfordshire || Lancashire || Leicestershire || Lincolnshire || Northamptonshire || Nottinghamshire || Oxfordshire || Shropshire || Staffordshire || Warwickshire || Wiltshire || Worcestershire || Yorkshire (North/South/West/East)","bedfordshire || beds || berkshire || berks || buckinghamshire || bucks || cambridgeshire || cambs || cheshire || derbyshire || devonshire || devon || gloucestershire || glos || hampshire || hants || herefordshire || hertfordshire || herts || lancashire || lancs || leicestershire || leics || lincolnshire || lincs || northamptonshire || northants || nottinghamshire || notts || oxfordshire || oxon || shropshire || salop || staffordshire || staffs || warwickshire || warks || wiltshire || wilts || worcestershire || worcs || yorkshire || north yorkshire || south yorkshire || west yorkshire","ACCESSIBLE","RULES_ENGINE","The Anglo-Saxon ""scir"" designated an administrative district overseen by an ealdorman and a shire-reeve (sheriff). Cornwall, Kent, and Essex stubbornly refused the suffix.","2026-08-31","","Ordnance Survey & Lieutenancies Act 1997 | https://www.ordnancesurvey.co.uk/","false","","READY_FOR_INDEPENDENT_REVIEW","","","","","","","","","",""
"list-monarchs-long","fnv1a32-1acfb078","THE_LIST","Name English or British Monarchs who reigned for at least 20 continuous years","Elizabeth II || Victoria || George III || James VI and I || Henry III || Edward III || Elizabeth I || Henry VI || Henry VIII || Charles II || George II || George V || Henry II || Edward I || Henry VII || Charles I","elizabeth ii || queen elizabeth ii || elizabeth 2 || queen victoria || victoria || george iii || king george iii || george 3 || james i || james vi || king james i || henry iii || king henry iii || henry 3 || edward iii || king edward iii || edward 3 || elizabeth i || queen elizabeth i || gloriana || henry vi || king henry vi || henry viii || king henry viii || henry 8 || charles ii || king charles ii || george ii || king george ii || george v || king george v || henry ii || king henry ii || edward i || king edward i || longshanks || henry vii || king henry vii || charles i || king charles i","MIXED","RULES_ENGINE","Queen Elizabeth II topped the chart at 70 years and 214 days. Reaching 20 years in the Middle Ages was generally considered an astonishing medical miracle and military achievement.","2026-08-31","","Royal Household Archives (Buckingham Palace) | https://www.royal.uk/","false","","READY_FOR_INDEPENDENT_REVIEW","","","","","","","","","",""
"list-premier-league-winners","fnv1a32-e754141d","THE_LIST","Name the clubs that have won the English Premier League (since 1992)","Manchester United || Manchester City || Chelsea || Arsenal || Liverpool || Blackburn Rovers || Leicester City","man united || man utd || united || man city || city || chelsea fc || the blues || arsenal fc || the gunners || liverpool fc || the reds || blackburn || rovers || leicester || the foxes","EXPERT","RULES_ENGINE","In over 30 seasons of Premier League football, only 7 distinct clubs have lifted the trophy. Leicester City’s 5000-1 title victory in 2016 remains the most mathematically insolent upset in sporting history.","2026-08-31","","The Premier League Official Statistics | https://www.premierleague.com/","true","2027-02-28","READY_FOR_INDEPENDENT_REVIEW","","","","","","","","","",""
"map-whitby","fnv1a32-83e60c4d","WHERE_IN_BRITAIN","Locate Whitby (famed for its cliff-top abbey, Dracula lore, and jet jewellery)","Whitby, North Yorkshire","","EXPERT","RULES_ENGINE","Whitby Abbey stands on the East Cliff overlooking the North Sea. Bram Stoker stayed at the Royal Hotel in 1890, where he watched a Russian schooner run aground and promptly invented Count Dracula’s English landfall.","2026-08-31","","English Heritage & Ordnance Survey | https://www.ordnancesurvey.co.uk/","false","","READY_FOR_INDEPENDENT_REVIEW","","","","","","","","","",""
"map-ludlow","fnv1a32-8a857ee6","WHERE_IN_BRITAIN","Locate Ludlow (historic medieval market town and castle on the Welsh Marches)","Ludlow, Shropshire","","MIXED","RULES_ENGINE","Ludlow Castle was the seat of the Council of the Marches for over two centuries. Prince Arthur, Henry VIII's elder brother, died here in 1502, unwittingly triggering six subsequent marriages and the English Reformation.","2026-08-31","","Historic England | https://historicengland.org.uk/","false","","READY_FOR_INDEPENDENT_REVIEW","","","","","","","","","",""
"map-standrews","fnv1a32-d5a66fd1","WHERE_IN_BRITAIN","Locate St Andrews (home to Scotland’s oldest university and the Old Course)","St Andrews, Fife","","MIXED","RULES_ENGINE","St Andrews in Fife has been the spiritual home of golf since the 15th century and Scotland's premier seat of academic severity since 1413.","2026-08-31","","Royal and Ancient Golf Club / Historic Environment Scotland | https://www.historicenvironment.scot/","false","","READY_FOR_INDEPENDENT_REVIEW","","","","","","","","","",""
"map-chatsworth","fnv1a32-a695cece","WHERE_IN_BRITAIN","Locate Chatsworth House (seat of the Duke of Devonshire in the Peak District)","Chatsworth House, Derbyshire","","EXPERT","RULES_ENGINE","Often cited as the inspiration for Pemberley in Jane Austen’s Pride and Prejudice. The 1st Duke transformed it in 1687 into one of Europe’s grandest private baroque palaces.","2026-08-31","","Chatsworth House Trust | https://www.chatsworth.org/","false","","READY_FOR_INDEPENDENT_REVIEW","","","","","","","","","",""
"map-bosworth","fnv1a32-6431b6f2","WHERE_IN_BRITAIN","Locate the Battle of Bosworth Field (where Richard III lost his crown to Henry Tudor)","Bosworth Field, Leicestershire","","EXPERT","RULES_ENGINE","On 22 August 1485, Richard III became the last English monarch to die in battle. He spent the next 527 years beneath a council car park in Leicester until historians dug him up in 2012.","2026-08-31","","Battlefields Trust & University of Leicester | https://www.battlefieldstrust.com/","false","","READY_FOR_INDEPENDENT_REVIEW","","","","","","","","","",""
"map-snowdon","fnv1a32-2e5caf59","WHERE_IN_BRITAIN","Locate Yr Wyddfa / Mount Snowdon (the highest peak in Wales)","Yr Wyddfa (Snowdon), Gwynedd","","EXPERT","RULES_ENGINE","Standing at 1,085 metres, Yr Wyddfa is the highest peak in the British Isles south of the Scottish Highlands. It features a Victorian rack-and-pinion railway for tourists averse to cardiovascular effort.","2026-08-31","","Eryri National Park Authority | https://eryri.gov.wales/","true","2027-02-28","READY_FOR_INDEPENDENT_REVIEW","","","","","","","","","",""
"map-bamburgh","fnv1a32-10f7a869","WHERE_IN_BRITAIN","Locate Bamburgh Castle (towering coastal fortress of Northumbrian kings)","Bamburgh Castle, Northumberland","","MIXED","RULES_ENGINE","Perched on a basalt crag of the Whin Sill, Bamburgh was the capital of the Anglo-Saxon Kingdom of Bernicia. In 1464 during the Wars of the Roses, it became the first castle in England defeated by artillery.","2026-08-31","","Bamburgh Castle Archives | https://www.bamburghcastle.com/","false","","READY_FOR_INDEPENDENT_REVIEW","","","","","","","","","",""
"map-arran","fnv1a32-c57a5eb6","WHERE_IN_BRITAIN","Locate the Isle of Arran (""Scotland in Miniature"" in the Firth of Clyde)","Isle of Arran, North Ayrshire","","EXPERT","RULES_ENGINE","Divided into rugged mountainous Highlands in the north and rolling pasture Lowlands in the south by the Highland Boundary Fault, Arran is Britain’s ultimate geological microcosm.","2026-08-31","","VisitScotland | https://www.visitscotland.com/","false","","READY_FOR_INDEPENDENT_REVIEW","","","","","","","","","",""
"map-giants-causeway","fnv1a32-e10029bb","WHERE_IN_BRITAIN","Locate the Giant’s Causeway (40,000 interlocking basalt columns in County Antrim)","Giant’s Causeway, County Antrim","","EXPERT","RULES_ENGINE","Formed 60 million years ago by intense volcanic fissure eruptions. Mythological accounts insist the giant Fionn mac Cumhaill built it to walk across to Scotland to fight Benandonner.","2026-08-31","","National Trust Northern Ireland | https://www.nationaltrust.org.uk/visit/northern-ireland","false","","READY_FOR_INDEPENDENT_REVIEW","","","","","","","","","",""
"map-stonehenge","fnv1a32-15b88857","WHERE_IN_BRITAIN","Locate Stonehenge (prehistoric megalithic monument on Salisbury Plain)","Stonehenge, Wiltshire","","EXPERT","RULES_ENGINE","Constructed from 3000 BC to 2000 BC, the sarsen stones weigh up to 25 tonnes while the bluestones were transported over 140 miles from the Preseli Hills in Wales without the benefit of diesel forklifts.","2026-08-31","","English Heritage | https://www.english-heritage.org.uk/","false","","READY_FOR_INDEPENDENT_REVIEW","","","","","","","","","",""
"est-blackpool-tower","fnv1a32-2ecf85f9","CLOSEST_WINS","How tall is the Blackpool Tower in metres (from ground to flagpole)?","158 m","","ACCESSIBLE","RULES_ENGINE","Blackpool Tower stands at exactly 158.1 metres (518 ft 9 in). Opened in 1894, it was inspired by the Eiffel Tower after the Mayor of Blackpool, John Bickerstaffe, visited Paris and decided Lancashire deserved its own giant iron colossus.","2026-08-31","","Blackpool Council Architecture Records | https://www.blackpool.gov.uk/","true","2027-02-28","READY_FOR_INDEPENDENT_REVIEW","","","","","","","","","",""
"est-thames-length","fnv1a32-52a3fb78","CLOSEST_WINS","What is the total length of the River Thames in miles (from source to sea)?","215 miles","","ACCESSIBLE","RULES_ENGINE","The River Thames runs for 215 miles (346 km) from Thames Head in Gloucestershire to the Thames Estuary at Southend-on-Sea, passing through 45 lock systems along the way.","2026-08-31","","Port of London Authority & Environment Agency | https://www.gov.uk/government/organisations/environment-agency","false","","READY_FOR_INDEPENDENT_REVIEW","","","","","","","","","",""
"est-buckingham-palace-rooms","fnv1a32-ef52c821","CLOSEST_WINS","How many rooms are there inside Buckingham Palace?","775 rooms","","ACCESSIBLE","RULES_ENGINE","Buckingham Palace contains 775 rooms: including 19 State rooms, 52 Principal bedrooms, 188 staff bedrooms, 92 offices, and 78 bathrooms. Vacuuming the corridors requires heroic institutional stamina.","2026-08-31","","The Royal Collection Trust | https://www.royal.uk/","false","","READY_FOR_INDEPENDENT_REVIEW","","","","","","","","","",""
"est-forth-bridge-year","fnv1a32-2fea122f","CLOSEST_WINS","In what year was the cantilever railway Forth Bridge officially opened?","1890year","","MIXED","RULES_ENGINE","The Forth Railway Bridge opened on 4 March 1890 by the Prince of Wales. Its 53,000 tonnes of Siemens-Martin steel spanned the Firth of Forth with unprecedented cantilever strength.","2026-08-31","","Network Rail & UNESCO World Heritage | https://whc.unesco.org/en/statesparties/gb","false","","READY_FOR_INDEPENDENT_REVIEW","","","","","","","","","",""
"est-big-ben-bell-weight","fnv1a32-9d24533e","CLOSEST_WINS","How much does the Great Bell (""Big Ben"") in the Elizabeth Tower weigh, in metric tonnes?","13.7 tonnes","","EXPERT","RULES_ENGINE","Cast at the Whitechapel Bell Foundry in 1858, Big Ben weighs 13.76 tonnes (13,760 kg). It cracked shortly after installation because the hammer was excessively heavy, creating its signature distinctive tonal imperfection.","2026-08-31","","UK Parliament Estates Archives | https://www.parliament.uk/","false","","READY_FOR_INDEPENDENT_REVIEW","","","","","","","","","",""
"est-hadrians-wall-length","fnv1a32-9288c7ea","CLOSEST_WINS","How long is Hadrian's Wall in Roman miles (or statute miles)?","73 miles (80 Roman miles)","","ACCESSIBLE","RULES_ENGINE","Hadrian’s Wall ran 73 modern miles (80 Roman miles / 117 km) from Wallsend on the River Tyne to Bowness-on-Solway, marking the northernmost frontier of the Roman Empire.","2026-08-31","","English Heritage | https://www.english-heritage.org.uk/","false","","READY_FOR_INDEPENDENT_REVIEW","","","","","","","","","",""
"est-victoria-death-year","fnv1a32-4c4db9cb","CLOSEST_WINS","In what year did Queen Victoria die at Osborne House?","1901year","","MIXED","RULES_ENGINE","Queen Victoria died on 22 January 1901 aged 81, having reigned for 63 years and seven months. Her death concluded the Victorian era and inaugurated the Edwardian decade.","2026-08-31","","Royal Archives, Windsor Castle | https://www.royal.uk/","false","","READY_FOR_INDEPENDENT_REVIEW","","","","","","","","","",""
"rank-cities-north-to-south","fnv1a32-503f93f5","RANK_IT","Arrange these 5 UK cities in order from NORTH to SOUTH","Aberdeen || Edinburgh || Newcastle upon Tyne || Manchester || Bristol","","MIXED","RULES_ENGINE","From the Granite City in Aberdeenshire down through the Scottish capital, Tyneside, the industrial North West, and arriving at the West Country.","2026-08-31","","Ordnance Survey Gazetteer | https://www.ordnancesurvey.co.uk/","false","","READY_FOR_INDEPENDENT_REVIEW","","","","","","","","","",""
"rank-monarchs-accession","fnv1a32-a3c2e68e","RANK_IT","Order these British monarchs by their date of ACCESSION (earliest to latest)","Henry VIII || Elizabeth I || Charles I || George III || Queen Victoria","","MIXED","RULES_ENGINE","Tudor patriarch (1509), Elizabethan golden age (1558), Stuart civil war martyr/tyrant (1625), Hanoverian monarch (1760), and the Empress of India (1837).","2026-08-31","","Royal Household Chronology | https://www.royal.uk/","true","2027-02-28","READY_FOR_INDEPENDENT_REVIEW","","","","","","","","","",""
"rank-mountain-peaks","fnv1a32-53756591","RANK_IT","Rank these 4 British mountain summits from HIGHEST to LOWEST elevation","Ben Nevis (Scotland) || Yr Wyddfa / Snowdon (Wales) || Scafell Pike (England) || Slieve Donard (N. Ireland)","","ACCESSIBLE","RULES_ENGINE","The National Three Peaks (plus Northern Ireland’s Mourne titan). Scotland takes the top spot by a country mile, followed by Gwynedd, the Lake District, and County Down.","2026-08-31","","Ordnance Survey Triangulation Survey | https://www.ordnancesurvey.co.uk/","true","2027-02-28","READY_FOR_INDEPENDENT_REVIEW","","","","","","","","","",""
"rank-historical-events","fnv1a32-d31c9ed0","RANK_IT","Arrange these major British historical events CHRONOLOGICALLY (oldest to most recent)","Battle of Hastings || Sealing of Magna Carta || The Great Fire of London || Battle of Waterloo || Battle of Britain","","MIXED","RULES_ENGINE","From William the Conqueror’s arrow-heavy invasion, to King John’s reluctant treaty, Thomas Farriner’s bakery blaze, the Duke of Wellington’s triumph over Napoleon, and the RAF’s finest hour.","2026-08-31","","The National Archives (Kew) | https://www.nationalarchives.gov.uk/","true","2027-02-28","READY_FOR_INDEPENDENT_REVIEW","","","","","","","","","",""
"img-rosetta-stone","fnv1a32-c31ccc79","IMAGE_REVEAL","Identify this world-famous British Museum granodiorite stele that unlocked Egyptian hieroglyphics","The Rosetta Stone","rosetta stone || rosetta || the rosetta stone","ACCESSIBLE","RULES_ENGINE","Discovered near Memphis in 1799 and held at the British Museum since 1802. Thomas Young and Jean-François Champollion deciphered it, revealing thousands of years of lost dynastic Egyptian literature.","2026-08-31","","The British Museum Department of Ancient Egypt | https://www.britishmuseum.org/","false","","READY_FOR_INDEPENDENT_REVIEW","","","","","","","","","",""
"img-angel-north","fnv1a32-a7f34900","IMAGE_REVEAL","Identify this iconic 20-metre-tall public steel sculpture by Antony Gormley in Gateshead","The Angel of the North","angel of the north || the angel of the north || angel of north","ACCESSIBLE","RULES_ENGINE","Erected in 1998 on the site of the former Teams Colliery. Gormley angled the wings 3.5 degrees forward to evoke a sense of embrace, overlooking 90,000 drivers daily on the A1.","2026-08-31","","Gateshead Council Arts & Heritage | https://www.gateshead.gov.uk/","false","","READY_FOR_INDEPENDENT_REVIEW","","","","","","","","","",""
"img-glenfinnan-viaduct","fnv1a32-8c10b6b1","IMAGE_REVEAL","Identify this sweeping 21-arch concrete railway viaduct in the West Highlands of Scotland","Glenfinnan Viaduct","glenfinnan viaduct || glenfinnan || harry potter bridge","ACCESSIBLE","RULES_ENGINE","Built entirely of mass concrete without metal reinforcement by ""Concrete Bob"" McAlpine. It entered global pop-culture lore as the Hogwarts Express crossing route in the Harry Potter films.","2026-08-31","","Historic Environment Scotland & Network Rail | https://www.historicenvironment.scot/","false","","READY_FOR_INDEPENDENT_REVIEW","","","","","","","","","",""
"img-tower-bridge","fnv1a32-697e5135","IMAGE_REVEAL","Identify this iconic combined bascule and suspension bridge spanning the River Thames","Tower Bridge","tower bridge || london tower bridge","MIXED","RULES_ENGINE","Completed in 1894, Tower Bridge used hydraulic steam power to raise its massive bascules in just one minute. American entrepreneur Robert P. McCulloch famously bought London Bridge in 1968, though urban legend insists he thought he bought this one.","2026-08-31","","City of London Corporation | https://www.cityoflondon.gov.uk/","false","","READY_FOR_INDEPENDENT_REVIEW","","","","","","","","","",""
"sts-swans","fnv1a32-20e8cc42","STOP_THE_SCORE","Under ancient British royal prerogative dating back to the 12th century, the British Monarch retains ownership of which species of wild bird on open waters?","Unmarked Mute Swans","","MIXED","RULES_ENGINE","The Crown retains ownership of all unmarked mute swans swimming in open waters. The annual ""Swan Upping"" census along the River Thames by the Royal Swan Marker has taken place since the 12th century.","2026-08-31","","The Royal Household / Worshipful Company of Vintners | https://www.royal.uk/","false","","READY_FOR_INDEPENDENT_REVIEW","","","","","","","","","",""
"sts-tea-cups","fnv1a32-ad04c6ea","STOP_THE_SCORE","According to the UK Tea and Infusions Association, approximately how many cups of tea are drunk across the United Kingdom EVERY SINGLE DAY?","100 million cups","","MIXED","RULES_ENGINE","Around 100 million cups daily, adding up to nearly 36 billion cups a year. The British National Grid even schedules power reserves for the ""TV pickup"" surges caused by millions of simultaneous boiling kettles.","2026-08-31","","UK Tea & Infusions Association / National Grid ESO | https://www.tea.co.uk/about-us","false","","READY_FOR_INDEPENDENT_REVIEW","","","","","","","","","",""
"sts-postcode","fnv1a32-ec0b7fb7","STOP_THE_SCORE","Which British city was selected in 1959 to trial the world’s first modern alphanumeric postal code system?","Norwich","","MIXED","RULES_ENGINE","Norwich was chosen in October 1959 by Postmaster General Ernest Marples for the trial postcode ""NOR"", before the nationwide coding rollout was completed in 1974.","2026-08-31","","The Postal Museum (London) | https://www.postalmuseum.org/","false","","READY_FOR_INDEPENDENT_REVIEW","","","","","","","","","",""
"sts-biscuit-tax","fnv1a32-91521ba9","STOP_THE_SCORE","Which change when stale was one factor in the 1991 VAT tribunal deciding that Jaffa Cakes had enough characteristics of cakes to be zero-rated?","They go hard when stale (biscuits go soft)","","MIXED","RULES_ENGINE","Jaffa Cakes become hard when stale, whereas biscuits generally become soft. The tribunal considered this alongside their ingredients, texture, size, packaging and other characteristics before accepting them as cakes.","2026-08-31","","HMRC internal manual VFOOD6260 | https://www.gov.uk/hmrc-internal-manuals/vat-food/vfood6260 || United Biscuits (UK) Ltd (No. 2) v Commissioners of Customs and Excise [1991] BVC 818 (LON/91/0160)","false","","READY_FOR_INDEPENDENT_REVIEW","","","","","","","","","",""
"sts-sandwich-earl","fnv1a32-f62fc9f9","STOP_THE_SCORE","According to the traditional account of the sandwich’s name, John Montagu ate meat between bread so that he could continue what activity?","Leaving his 24-hour gambling card table","","MIXED","RULES_ENGINE","A widely repeated account says the 4th Earl of Sandwich ate this way without leaving the gaming table. Contemporary evidence confirms the name was in use by 1762, but the gambling origin remains a traditional attribution rather than a settled fact.","2026-08-31","","Davidson, Alan, The Oxford Companion to Food, 3rd ed., edited by Tom Jaine, Oxford University Press, 2014, entry “sandwich”","false","","READY_FOR_INDEPENDENT_REVIEW","","","","","","","","","",""
"top10-england-parks","fnv1a32-fc4b1077","TOP_10","Ten National Parks in England, in the official register order","The Broads || Dartmoor || Exmoor || Lake District || New Forest || North York Moors || Northumberland || Peak District || South Downs || Yorkshire Dales","Broads","EXPERT","RULES_ENGINE","The shutters follow the Bureau’s certified filing order.","2026-08-31","","GOV.UK and ONS, National parks in England and Wales | https://www.ons.gov.uk/","true","2027-02-28","READY_FOR_INDEPENDENT_REVIEW","","","","","","","","","",""
"top10-uk-monarchs-1760","fnv1a32-7b7d1d44","TOP_10","The ten UK monarchs from the 1760 accession to the present, chronologically","George III || George IV || William IV || Victoria || Edward VII || George V || Edward VIII || George VI || Elizabeth II || Charles III","","EXPERT","RULES_ENGINE","The shutters follow the Bureau’s certified filing order.","2026-08-31","","UK Parliament Regnal Years API | https://www.parliament.uk/","true","2027-02-28","READY_FOR_INDEPENDENT_REVIEW","","","","","","","","","",""
"top10-historic-art-places","fnv1a32-75cffc25","TOP_10","Historic England’s ten Art, Architecture & Sculpture places","St Paul's Cathedral || Angel of the North || Yorkshire Sculpture Park || Barbara Hepworth Museum and Sculpture Garden || Kelmscott Manor || Chatsworth House || Tate Modern || Sutton Hoo || Coventry Cathedral || Minack Theatre","","EXPERT","RULES_ENGINE","The shutters follow the Bureau’s certified filing order.","2026-08-31","","Historic England, A History of England in 100 Places | https://historicengland.org.uk/","true","2027-02-28","READY_FOR_INDEPENDENT_REVIEW","","","","","","","","","",""
"top10-shakespeare-tragedies","fnv1a32-173973dd","TOP_10","Ten tragedies in the Shakespeare Birthplace Trust catalogue","Antony and Cleopatra || Coriolanus || Hamlet || Julius Caesar || King Lear || Macbeth || Othello || Romeo and Juliet || Timon of Athens || Titus Andronicus","","EXPERT","RULES_ENGINE","The shutters follow the Bureau’s certified filing order.","2026-08-31","","Shakespeare Birthplace Trust play catalogue | https://www.shakespeare.org.uk/","true","2027-02-28","READY_FOR_INDEPENDENT_REVIEW","","","","","","","","","",""
"top10-postwar-pms","fnv1a32-d85817b4","TOP_10","The first ten post-war Prime Ministers beginning with Churchill","Winston Churchill || Clement Attlee || Anthony Eden || Harold Macmillan || Alec Douglas-Home || Harold Wilson || Edward Heath || James Callaghan || Margaret Thatcher || John Major","","EXPERT","RULES_ENGINE","The shutters follow the Bureau’s certified filing order.","2026-08-31","","House of Commons Library, Prime Ministers briefing SN04256 | https://www.parliament.uk/","true","2027-02-28","READY_FOR_INDEPENDENT_REVIEW","","","","","","","","","",""
"top10-cathedral-cities","fnv1a32-c598ba64","TOP_10","Ten historic English cathedral cities on the Bureau register","Canterbury || York || Durham || Ely || Exeter || Gloucester || Hereford || Lichfield || Lincoln || Salisbury","","EXPERT","RULES_ENGINE","The shutters follow the Bureau’s certified filing order.","2026-08-31","","Church of England cathedral directory | https://www.churchofengland.org/","true","2027-02-28","READY_FOR_INDEPENDENT_REVIEW","","","","","","","","","",""
"top10-world-heritage","fnv1a32-4b51966d","TOP_10","Ten UK World Heritage properties in alphabetical register order","Blenheim Palace || Canterbury Cathedral || City of Bath || Cornwall and West Devon Mining Landscape || Derwent Valley Mills || Dorset and East Devon Coast || Durham Castle and Cathedral || English Lake District || Ironbridge Gorge || Maritime Greenwich","","EXPERT","RULES_ENGINE","The shutters follow the Bureau’s certified filing order.","2026-08-31","","UNESCO World Heritage List, United Kingdom | https://whc.unesco.org/en/statesparties/gb","true","2027-02-28","READY_FOR_INDEPENDENT_REVIEW","","","","","","","","","",""
"top10-underground-lines","fnv1a32-911613d8","TOP_10","Ten London Underground lines in alphabetical order","Bakerloo || Central || Circle || District || Hammersmith & City || Jubilee || Metropolitan || Northern || Piccadilly || Victoria","","EXPERT","RULES_ENGINE","The shutters follow the Bureau’s certified filing order.","2026-08-31","","Transport for London, Tube lines | https://tfl.gov.uk/","true","2027-02-28","READY_FOR_INDEPENDENT_REVIEW","","","","","","","","","",""
"top10-british-inventions","fnv1a32-e74d634f","TOP_10","Ten inventions associated with British inventors on the Science Museum register","World Wide Web || Telephone || Television || Steam locomotive || Jet engine || Hovercraft || Pneumatic tyre || Electric motor || Carbon fibre || Stainless steel","","EXPERT","RULES_ENGINE","The shutters follow the Bureau’s certified filing order.","2026-08-31","","Science Museum Group collection and inventor biographies | https://www.sciencemuseum.org.uk/","true","2027-02-28","READY_FOR_INDEPENDENT_REVIEW","","","","","","","","","",""
"bid-england-parks","fnv1a32-6d0beee4","PUT_UP_OR_SHUT_UP","Name National Parks in England","The Broads || Dartmoor || Exmoor || Lake District || New Forest || North York Moors || Northumberland || Peak District || South Downs || Yorkshire Dales","Broads","MIXED","RULES_ENGINE","The certified register contains 10 accepted entries.","2026-08-31","","GOV.UK and ONS, National parks in England and Wales | https://www.ons.gov.uk/","false","","READY_FOR_INDEPENDENT_REVIEW","","","","","","","","","",""
"bid-london-underground-lines","fnv1a32-06e82da4","PUT_UP_OR_SHUT_UP","Name London Underground lines","Bakerloo || Central || Circle || District || Hammersmith & City || Jubilee || Metropolitan || Northern || Piccadilly || Victoria || Waterloo & City","","MIXED","RULES_ENGINE","The certified register contains 11 accepted entries.","2026-08-31","","Transport for London, Tube lines | https://tfl.gov.uk/","false","","READY_FOR_INDEPENDENT_REVIEW","","","","","","","","","",""
"bid-uk-monarchs","fnv1a32-0fb0f281","PUT_UP_OR_SHUT_UP","Name UK monarchs who acceded in 1760 or later","George III || George IV || William IV || Victoria || Edward VII || George V || Edward VIII || George VI || Elizabeth II || Charles III","","MIXED","RULES_ENGINE","The certified register contains 10 accepted entries.","2026-08-31","","UK Parliament Regnal Years API | https://www.parliament.uk/","false","","READY_FOR_INDEPENDENT_REVIEW","","","","","","","","","",""
"bid-shakespeare-tragedies","fnv1a32-86dc2053","PUT_UP_OR_SHUT_UP","Name Shakespeare tragedies","Antony and Cleopatra || Coriolanus || Hamlet || Julius Caesar || King Lear || Macbeth || Othello || Romeo and Juliet || Timon of Athens || Titus Andronicus","","MIXED","RULES_ENGINE","The certified register contains 10 accepted entries.","2026-08-31","","Shakespeare Birthplace Trust play catalogue | https://www.shakespeare.org.uk/","false","","READY_FOR_INDEPENDENT_REVIEW","","","","","","","","","",""
"bid-world-heritage","fnv1a32-3cb6c2ce","PUT_UP_OR_SHUT_UP","Name UK World Heritage properties","Blenheim Palace || Canterbury Cathedral || City of Bath || Cornwall and West Devon Mining Landscape || Derwent Valley Mills || Dorset and East Devon Coast || Durham Castle and Cathedral || English Lake District || Ironbridge Gorge || Maritime Greenwich","","MIXED","RULES_ENGINE","The certified register contains 10 accepted entries.","2026-08-31","","UNESCO World Heritage List, United Kingdom | https://whc.unesco.org/en/statesparties/gb","false","","READY_FOR_INDEPENDENT_REVIEW","","","","","","","","","",""
"bid-scottish-council-areas","fnv1a32-11b4c852","PUT_UP_OR_SHUT_UP","Name Scottish council areas","Aberdeen City || Aberdeenshire || Angus || Argyll and Bute || Clackmannanshire || Dundee City || East Ayrshire || East Dunbartonshire || East Lothian || East Renfrewshire || Edinburgh || Falkirk || Fife || Glasgow City || Highland || Inverclyde || Midlothian || Moray || Na h-Eileanan Siar || North Ayrshire || North Lanarkshire || Orkney Islands || Perth and Kinross || Renfrewshire || Scottish Borders || Shetland Islands || South Ayrshire || South Lanarkshire || Stirling || West Dunbartonshire || West Lothian","","ACCESSIBLE","RULES_ENGINE","The certified register contains 31 accepted entries.","2026-08-31","","Scottish Government, Council area profiles | https://www.gov.scot/","false","","READY_FOR_INDEPENDENT_REVIEW","","","","","","","","","",""
"bid-welsh-principal-areas","fnv1a32-227a0287","PUT_UP_OR_SHUT_UP","Name principal areas of Wales","Blaenau Gwent || Bridgend || Caerphilly || Cardiff || Carmarthenshire || Ceredigion || Conwy || Denbighshire || Flintshire || Gwynedd || Isle of Anglesey || Merthyr Tydfil || Monmouthshire || Neath Port Talbot || Newport || Pembrokeshire || Powys || Rhondda Cynon Taf || Swansea || Torfaen || Vale of Glamorgan || Wrexham","","ACCESSIBLE","RULES_ENGINE","The certified register contains 22 accepted entries.","2026-08-31","","Welsh Government, Local authorities | https://www.gov.wales/","false","","READY_FOR_INDEPENDENT_REVIEW","","","","","","","","","",""
"bid-ni-districts","fnv1a32-3f2b92dd","PUT_UP_OR_SHUT_UP","Name local government districts in Northern Ireland","Antrim and Newtownabbey || Ards and North Down || Armagh City Banbridge and Craigavon || Belfast || Causeway Coast and Glens || Derry City and Strabane || Fermanagh and Omagh || Lisburn and Castlereagh || Mid and East Antrim || Mid Ulster || Newry Mourne and Down","","MIXED","RULES_ENGINE","The certified register contains 11 accepted entries.","2026-08-31","","Northern Ireland Executive, Local councils | https://www.nidirect.gov.uk/","false","","READY_FOR_INDEPENDENT_REVIEW","","","","","","","","","",""
"bid-ceremonial-counties","fnv1a32-bb6c3574","PUT_UP_OR_SHUT_UP","Name ceremonial counties of England","Bedfordshire || Berkshire || Bristol || Buckinghamshire || Cambridgeshire || Cheshire || City of London || Cornwall || Cumbria || Derbyshire || Devon || Dorset || Durham || East Riding of Yorkshire || East Sussex || Essex || Gloucestershire || Greater London || Greater Manchester || Hampshire || Herefordshire || Hertfordshire || Isle of Wight || Kent || Lancashire || Leicestershire || Lincolnshire || Merseyside || Norfolk || North Yorkshire || Northamptonshire || Northumberland || Nottinghamshire || Oxfordshire || Rutland || Shropshire || Somerset || South Yorkshire || Staffordshire || Suffolk || Surrey || Tyne and Wear || Warwickshire || West Midlands || West Sussex || West Yorkshire || Wiltshire || Worcestershire","","ACCESSIBLE","RULES_ENGINE","The certified register contains 48 accepted entries.","2026-08-31","","UK Government, Lieutenancies Act 1997 | https://www.gov.uk/","false","","READY_FOR_INDEPENDENT_REVIEW","","","","","","","","","",""
"bid-national-trails","fnv1a32-ba3ef635","PUT_UP_OR_SHUT_UP","Name National Trails in England and Wales","Cleveland Way || Cotswold Way || Hadrian’s Wall Path || North Downs Way || Offa’s Dyke Path || Pennine Bridleway || Pennine Way || Pembrokeshire Coast Path || Peddars Way and Norfolk Coast Path || South Downs Way || South West Coast Path || Thames Path || The Ridgeway || Yorkshire Wolds Way","Hadrian's Wall Path || Offa's Dyke Path || Ridgeway","MIXED","RULES_ENGINE","The certified register contains 14 accepted entries.","2026-08-31","","Natural England and Natural Resources Wales, National Trails | https://www.gov.uk/government/organisations/natural-england","false","","READY_FOR_INDEPENDENT_REVIEW","","","","","","","","","",""
"bid-premier-league-founders","fnv1a32-a85e2b94","PUT_UP_OR_SHUT_UP","Name founding Premier League clubs from the 1992–93 season","Arsenal || Aston Villa || Blackburn Rovers || Chelsea || Coventry City || Crystal Palace || Everton || Ipswich Town || Leeds United || Liverpool || Manchester City || Manchester United || Middlesbrough || Norwich City || Nottingham Forest || Oldham Athletic || Queens Park Rangers || Sheffield United || Sheffield Wednesday || Southampton || Tottenham Hotspur || Wimbledon","","ACCESSIBLE","RULES_ENGINE","The certified register contains 22 accepted entries.","2026-08-31","","Premier League, History and 1992–93 table | https://www.premierleague.com/","true","2027-02-28","READY_FOR_INDEPENDENT_REVIEW","","","","","","","","","",""
"list-england-parks","fnv1a32-89034506","THE_LIST","Feed the compressor with National Parks in England","The Broads || Dartmoor || Exmoor || Lake District || New Forest || North York Moors || Northumberland || Peak District || South Downs || Yorkshire Dales","Broads","MIXED","RULES_ENGINE","The certified register contains 10 accepted entries.","2026-08-31","","GOV.UK and ONS, National parks in England and Wales | https://www.ons.gov.uk/","false","","READY_FOR_INDEPENDENT_REVIEW","","","","","","","","","",""
"list-tube-lines","fnv1a32-cac22c5a","THE_LIST","Feed the compressor with London Underground lines","Bakerloo || Central || Circle || District || Hammersmith & City || Jubilee || Metropolitan || Northern || Piccadilly || Victoria || Waterloo & City","","MIXED","RULES_ENGINE","The certified register contains 11 accepted entries.","2026-08-31","","Transport for London, Tube lines | https://tfl.gov.uk/","false","","READY_FOR_INDEPENDENT_REVIEW","","","","","","","","","",""
"list-monarchs","fnv1a32-de5810d2","THE_LIST","Feed the compressor with UK monarchs who acceded in 1760 or later","George III || George IV || William IV || Victoria || Edward VII || George V || Edward VIII || George VI || Elizabeth II || Charles III","","MIXED","RULES_ENGINE","The certified register contains 10 accepted entries.","2026-08-31","","UK Parliament Regnal Years API | https://www.parliament.uk/","false","","READY_FOR_INDEPENDENT_REVIEW","","","","","","","","","",""
"list-historic-art","fnv1a32-454e7bf9","THE_LIST","Feed the compressor with Historic England’s Art, Architecture & Sculpture places","St Paul's Cathedral || Angel of the North || Yorkshire Sculpture Park || Barbara Hepworth Museum and Sculpture Garden || Kelmscott Manor || Chatsworth House || Tate Modern || Sutton Hoo || Coventry Cathedral || Minack Theatre","","MIXED","RULES_ENGINE","The certified register contains 10 accepted entries.","2026-08-31","","Historic England, A History of England in 100 Places | https://historicengland.org.uk/","false","","READY_FOR_INDEPENDENT_REVIEW","","","","","","","","","",""
"list-shakespeare","fnv1a32-3160d456","THE_LIST","Feed the compressor with Shakespeare tragedies","Antony and Cleopatra || Coriolanus || Hamlet || Julius Caesar || King Lear || Macbeth || Othello || Romeo and Juliet || Timon of Athens || Titus Andronicus","","MIXED","RULES_ENGINE","The certified register contains 10 accepted entries.","2026-08-31","","Shakespeare Birthplace Trust play catalogue | https://www.shakespeare.org.uk/","false","","READY_FOR_INDEPENDENT_REVIEW","","","","","","","","","",""
"list-world-heritage","fnv1a32-85c18594","THE_LIST","Feed the compressor with UK World Heritage properties","Blenheim Palace || Canterbury Cathedral || City of Bath || Cornwall and West Devon Mining Landscape || Derwent Valley Mills || Dorset and East Devon Coast || Durham Castle and Cathedral || English Lake District || Ironbridge Gorge || Maritime Greenwich","","MIXED","RULES_ENGINE","The certified register contains 10 accepted entries.","2026-08-31","","UNESCO World Heritage List, United Kingdom | https://whc.unesco.org/en/statesparties/gb","false","","READY_FOR_INDEPENDENT_REVIEW","","","","","","","","","",""
"list-scottish-cities","fnv1a32-82ec9319","THE_LIST","Feed the compressor with Scotland’s official cities","Aberdeen || Dundee || Dunfermline || Edinburgh || Glasgow || Inverness || Perth || Stirling","","EXPERT","RULES_ENGINE","The certified register contains 8 accepted entries.","2026-08-31","","UK Government, List of cities | https://www.gov.uk/","false","","READY_FOR_INDEPENDENT_REVIEW","","","","","","","","","",""
"list-welsh-cities","fnv1a32-17981417","THE_LIST","Feed the compressor with Wales’s official cities","Bangor || Cardiff || Newport || St Asaph || St Davids || Swansea || Wrexham","","EXPERT","RULES_ENGINE","The certified register contains 7 accepted entries.","2026-08-31","","UK Government, List of cities | https://www.gov.uk/","false","","READY_FOR_INDEPENDENT_REVIEW","","","","","","","","","",""
"list-ni-counties","fnv1a32-4d044ea0","THE_LIST","Feed the compressor with Northern Ireland’s traditional counties","Antrim || Armagh || Down || Fermanagh || Londonderry || Tyrone","","EXPERT","RULES_ENGINE","The certified register contains 6 accepted entries.","2026-08-31","","Ordnance Survey of Northern Ireland | https://www.ordnancesurvey.co.uk/","false","","READY_FOR_INDEPENDENT_REVIEW","","","","","","","","","",""
"list-beatles-albums","fnv1a32-800985ee","THE_LIST","Feed the compressor with core UK Beatles studio albums","Please Please Me || With the Beatles || A Hard Day’s Night || Beatles for Sale || Help! || Rubber Soul || Revolver || Sgt. Pepper’s Lonely Hearts Club Band || The Beatles || Yellow Submarine || Abbey Road || Let It Be","A Hard Day's Night || Sgt. Pepper's Lonely Hearts Club Band || Beatles","MIXED","RULES_ENGINE","The certified register contains 12 accepted entries.","2026-08-31","","British Library, The Beatles collection | https://www.bl.uk/","false","","READY_FOR_INDEPENDENT_REVIEW","","","","","","","","","",""
"list-jane-austen","fnv1a32-91e4bb5d","THE_LIST","Feed the compressor with Jane Austen’s completed novels","Sense and Sensibility || Pride and Prejudice || Mansfield Park || Emma || Northanger Abbey || Persuasion","","EXPERT","RULES_ENGINE","The certified register contains 6 accepted entries.","2026-08-31","","Jane Austen’s House bibliography | https://janeaustens.house/","false","","READY_FOR_INDEPENDENT_REVIEW","","","","","","","","","",""
"list-henry-viii-wives","fnv1a32-e78657f7","THE_LIST","Feed the compressor with the six wives of Henry VIII","Catherine of Aragon || Anne Boleyn || Jane Seymour || Anne of Cleves || Catherine Howard || Catherine Parr","","EXPERT","RULES_ENGINE","The certified register contains 6 accepted entries.","2026-08-31","","Historic Royal Palaces, Henry VIII | https://www.hrp.org.uk/","false","","READY_FOR_INDEPENDENT_REVIEW","","","","","","","","","",""
"map-st-davids","fnv1a32-de184dba","WHERE_IN_BRITAIN","Locate St Davids Cathedral, Pembrokeshire","St Davids Cathedral, Pembrokeshire","","MIXED","RULES_ENGINE","St Davids Cathedral, Pembrokeshire is filed at approximately 51.882°, -5.268°.","2026-08-31","","Ordnance Survey place data and official site coordinates | https://www.ordnancesurvey.co.uk/","false","","READY_FOR_INDEPENDENT_REVIEW","","","","","","","","","",""
"map-lands-end","fnv1a32-41a45754","WHERE_IN_BRITAIN","Locate Land’s End, Cornwall","Land’s End, Cornwall","","EXPERT","RULES_ENGINE","Land’s End, Cornwall is filed at approximately 50.066°, -5.715°.","2026-08-31","","Ordnance Survey place data and official site coordinates | https://www.ordnancesurvey.co.uk/","false","","READY_FOR_INDEPENDENT_REVIEW","","","","","","","","","",""
"map-john-ogroats","fnv1a32-ea4df44e","WHERE_IN_BRITAIN","Locate John o’ Groats, Caithness","John o’ Groats, Caithness","","EXPERT","RULES_ENGINE","John o’ Groats, Caithness is filed at approximately 58.637°, -3.069°.","2026-08-31","","Ordnance Survey place data and official site coordinates | https://www.ordnancesurvey.co.uk/","false","","READY_FOR_INDEPENDENT_REVIEW","","","","","","","","","",""
"map-ely-cathedral","fnv1a32-024906bf","WHERE_IN_BRITAIN","Locate Ely Cathedral, Cambridgeshire","Ely Cathedral, Cambridgeshire","","MIXED","RULES_ENGINE","Ely Cathedral, Cambridgeshire is filed at approximately 52.399°, 0.264°.","2026-08-31","","Ordnance Survey place data and official site coordinates | https://www.ordnancesurvey.co.uk/","false","","READY_FOR_INDEPENDENT_REVIEW","","","","","","","","","",""
"map-portmeirion","fnv1a32-8f5d08df","WHERE_IN_BRITAIN","Locate Portmeirion, Gwynedd","Portmeirion, Gwynedd","","EXPERT","RULES_ENGINE","Portmeirion, Gwynedd is filed at approximately 52.913°, -4.099°.","2026-08-31","","Ordnance Survey place data and official site coordinates | https://www.ordnancesurvey.co.uk/","false","","READY_FOR_INDEPENDENT_REVIEW","","","","","","","","","",""
"closest-ben-nevis","fnv1a32-626bb704","CLOSEST_WINS","What is the height of Ben Nevis?","1345metres","","EXPERT","RULES_ENGINE","The certified value is 1345 metres.","2026-08-31","","Ordnance Survey, Ben Nevis | https://www.ordnancesurvey.co.uk/","false","","READY_FOR_INDEPENDENT_REVIEW","","","","","","","","","",""
"closest-thames-length","fnv1a32-f7f7731b","CLOSEST_WINS","How long is the River Thames?","346kilometres","","MIXED","RULES_ENGINE","The certified value is 346 kilometres.","2026-08-31","","Environment Agency, River Thames | https://www.gov.uk/government/organisations/environment-agency","false","","READY_FOR_INDEPENDENT_REVIEW","","","","","","","","","",""
"closest-channel-tunnel","fnv1a32-f0fec473","CLOSEST_WINS","How long is the Channel Tunnel?","50.45kilometres","","EXPERT","RULES_ENGINE","The certified value is 50.45 kilometres.","2026-08-31","","Getlink, Channel Tunnel key figures | https://www.getlinkgroup.com/","false","","READY_FOR_INDEPENDENT_REVIEW","","","","","","","","","",""
"closest-angel-wingspan","fnv1a32-183ce5be","CLOSEST_WINS","What is the wingspan of the Angel of the North?","54metres","","EXPERT","RULES_ENGINE","The certified value is 54 metres.","2026-08-31","","Gateshead Council, Angel of the North | https://www.gateshead.gov.uk/","false","","READY_FOR_INDEPENDENT_REVIEW","","","","","","","","","",""
"closest-london-eye","fnv1a32-6ae49992","CLOSEST_WINS","How tall is the London Eye?","135metres","","EXPERT","RULES_ENGINE","The certified value is 135 metres.","2026-08-31","","London Eye official facts | https://www.londoneye.com/","false","","READY_FOR_INDEPENDENT_REVIEW","","","","","","","","","",""
"closest-stonehenge-age","fnv1a32-21c788fa","CLOSEST_WINS","Approximately how many years ago was Stonehenge’s stone circle erected?","4500years ago","","MIXED","RULES_ENGINE","The certified value is 4500 years ago.","2026-08-31","","English Heritage, History of Stonehenge | https://www.english-heritage.org.uk/","false","","READY_FOR_INDEPENDENT_REVIEW","","","","","","","","","",""
"closest-big-ben-bell","fnv1a32-c0e81476","CLOSEST_WINS","How much does the Great Bell known as Big Ben weigh?","13.7tonnes","","EXPERT","RULES_ENGINE","The certified value is 13.7 tonnes.","2026-08-31","","UK Parliament, Big Ben facts | https://www.parliament.uk/","false","","READY_FOR_INDEPENDENT_REVIEW","","","","","","","","","",""
"closest-severn-bridge","fnv1a32-ffcdbdbd","CLOSEST_WINS","What is the main span of the first Severn Bridge?","988metres","","EXPERT","RULES_ENGINE","The certified value is 988 metres.","2026-08-31","","National Highways, Severn Bridge | https://nationalhighways.co.uk/","false","","READY_FOR_INDEPENDENT_REVIEW","","","","","","","","","",""
"rank-monarchs","fnv1a32-04aaa489","RANK_IT","Order these monarchs by accession, earliest first","Victoria || Edward VII || George V || Elizabeth II","","ACCESSIBLE","RULES_ENGINE","The correct sequence is Victoria → Edward VII → George V → Elizabeth II.","2026-08-31","","UK Parliament Regnal Years API | https://www.parliament.uk/","false","","READY_FOR_INDEPENDENT_REVIEW","","","","","","","","","",""
"rank-bridges","fnv1a32-4d045755","RANK_IT","Order these bridges by opening date, earliest first","Menai Suspension Bridge || Forth Bridge || Tower Bridge || Millennium Bridge","","ACCESSIBLE","RULES_ENGINE","The correct sequence is Menai Suspension Bridge → Forth Bridge → Tower Bridge → Millennium Bridge.","2026-08-31","","Institution of Civil Engineers archive | https://www.ice.org.uk/","false","","READY_FOR_INDEPENDENT_REVIEW","","","","","","","","","",""
"rank-novels","fnv1a32-45d4d36d","RANK_IT","Order these novels by first publication, earliest first","Pride and Prejudice || Jane Eyre || The Hobbit || Nineteen Eighty-Four","","ACCESSIBLE","RULES_ENGINE","The correct sequence is Pride and Prejudice → Jane Eyre → The Hobbit → Nineteen Eighty-Four.","2026-08-31","","British Library catalogues | https://www.bl.uk/","false","","READY_FOR_INDEPENDENT_REVIEW","","","","","","","","","",""
"rank-inventions","fnv1a32-58ff6658","RANK_IT","Order these inventions by demonstration or patent, earliest first","Steam locomotive || Telephone || Television || World Wide Web","","ACCESSIBLE","RULES_ENGINE","The correct sequence is Steam locomotive → Telephone → Television → World Wide Web.","2026-08-31","","Science Museum Group | https://www.sciencemuseum.org.uk/","false","","READY_FOR_INDEPENDENT_REVIEW","","","","","","","","","",""
"rank-national-parks","fnv1a32-4c672a9c","RANK_IT","Order these National Parks by designation, earliest first","Peak District || Pembrokeshire Coast || The Broads || South Downs","","ACCESSIBLE","RULES_ENGINE","The correct sequence is Peak District → Pembrokeshire Coast → The Broads → South Downs.","2026-08-31","","National Parks UK | https://www.nationalparks.uk/","false","","READY_FOR_INDEPENDENT_REVIEW","","","","","","","","","",""
"rank-prime-ministers","fnv1a32-de9cc68a","RANK_IT","Order these Prime Ministers by first taking office","Clement Attlee || Margaret Thatcher || Tony Blair || David Cameron","","ACCESSIBLE","RULES_ENGINE","The correct sequence is Clement Attlee → Margaret Thatcher → Tony Blair → David Cameron.","2026-08-31","","House of Commons Library, Prime Ministers | https://www.parliament.uk/","false","","READY_FOR_INDEPENDENT_REVIEW","","","","","","","","","",""
"rank-albums","fnv1a32-d89efa7b","RANK_IT","Order these Beatles albums by UK release","Please Please Me || Rubber Soul || Sgt. Pepper’s Lonely Hearts Club Band || Abbey Road","","ACCESSIBLE","RULES_ENGINE","The correct sequence is Please Please Me → Rubber Soul → Sgt. Pepper’s Lonely Hearts Club Band → Abbey Road.","2026-08-31","","British Library and Beatles discography | https://www.bl.uk/","false","","READY_FOR_INDEPENDENT_REVIEW","","","","","","","","","",""
"rank-cathedrals","fnv1a32-220a3502","RANK_IT","Order these present cathedral buildings by major construction start","Durham Cathedral || Salisbury Cathedral || St Paul’s Cathedral || Liverpool Cathedral","","ACCESSIBLE","RULES_ENGINE","The correct sequence is Durham Cathedral → Salisbury Cathedral → St Paul’s Cathedral → Liverpool Cathedral.","2026-08-31","","Church of England cathedral histories | https://www.churchofengland.org/","false","","READY_FOR_INDEPENDENT_REVIEW","","","","","","","","","",""
"rank-railways","fnv1a32-4222f791","RANK_IT","Order these railway milestones, earliest first","Stockton and Darlington Railway || London Underground || Forth Bridge || Channel Tunnel","","ACCESSIBLE","RULES_ENGINE","The correct sequence is Stockton and Darlington Railway → London Underground → Forth Bridge → Channel Tunnel.","2026-08-31","","National Railway Museum | https://www.railwaymuseum.org.uk/","false","","READY_FOR_INDEPENDENT_REVIEW","","","","","","","","","",""
"rank-broadcasting","fnv1a32-bd51f4da","RANK_IT","Order these BBC services by launch","BBC Radio || BBC Television Service || BBC Two || BBC News website","","ACCESSIBLE","RULES_ENGINE","The correct sequence is BBC Radio → BBC Television Service → BBC Two → BBC News website.","2026-08-31","","BBC History | https://www.bbc.co.uk/historyofthebbc/","false","","READY_FOR_INDEPENDENT_REVIEW","","","","","","","","","",""
"rank-sport-events","fnv1a32-711862d9","RANK_IT","Order these British sporting firsts, earliest first","First FA Cup Final || First Wimbledon Championship || First modern Olympic Games in London || First London Marathon","","ACCESSIBLE","RULES_ENGINE","The correct sequence is First FA Cup Final → First Wimbledon Championship → First modern Olympic Games in London → First London Marathon.","2026-08-31","","National Football Museum, Wimbledon and Olympic archives | https://www.nationalfootballmuseum.com/","false","","READY_FOR_INDEPENDENT_REVIEW","","","","","","","","","",""
"img-stonehenge","fnv1a32-4ce750bd","IMAGE_REVEAL","Identify this prehistoric stone circle","Stonehenge","stonehenge","MIXED","RULES_ENGINE","Stonehenge is the certified subject.","2026-08-31","","English Heritage, Stonehenge | https://www.english-heritage.org.uk/","false","","READY_FOR_INDEPENDENT_REVIEW","","","","","","","","","",""
"img-edinburgh-castle","fnv1a32-3c248073","IMAGE_REVEAL","Identify this fortress above Scotland’s capital","Edinburgh Castle","edinburgh castle","MIXED","RULES_ENGINE","Edinburgh Castle is the certified subject.","2026-08-31","","Historic Environment Scotland | https://www.historicenvironment.scot/","false","","READY_FOR_INDEPENDENT_REVIEW","","","","","","","","","",""
"img-elizabeth-tower","fnv1a32-02146d3f","IMAGE_REVEAL","Identify this clock tower at the Palace of Westminster","Elizabeth Tower","elizabeth tower","MIXED","RULES_ENGINE","Elizabeth Tower is the certified subject.","2026-08-31","","UK Parliament, Big Ben | https://www.parliament.uk/","false","","READY_FOR_INDEPENDENT_REVIEW","","","","","","","","","",""
"img-giants-causeway","fnv1a32-5f673ec7","IMAGE_REVEAL","Identify this basalt coast in County Antrim","Giant’s Causeway","giant’s causeway","MIXED","RULES_ENGINE","Giant’s Causeway is the certified subject.","2026-08-31","","National Trust, Giant’s Causeway | https://www.nationaltrust.org.uk/","false","","READY_FOR_INDEPENDENT_REVIEW","","","","","","","","","",""
"img-forth-bridge","fnv1a32-e778ec98","IMAGE_REVEAL","Identify this red cantilever railway bridge","Forth Bridge","forth bridge","MIXED","RULES_ENGINE","Forth Bridge is the certified subject.","2026-08-31","","Historic Environment Scotland, Forth Bridge | https://www.historicenvironment.scot/","false","","READY_FOR_INDEPENDENT_REVIEW","","","","","","","","","",""
"img-kelpies","fnv1a32-675a1e4d","IMAGE_REVEAL","Identify these giant horse-head sculptures","The Kelpies","the kelpies","MIXED","RULES_ENGINE","The Kelpies is the certified subject.","2026-08-31","","Scottish Canals, The Kelpies | https://www.scottishcanals.co.uk/","false","","READY_FOR_INDEPENDENT_REVIEW","","","","","","","","","",""
"img-sutton-hoo","fnv1a32-db043edd","IMAGE_REVEAL","Identify this Anglo-Saxon ceremonial helmet","Sutton Hoo Helmet","sutton hoo helmet","MIXED","RULES_ENGINE","Sutton Hoo Helmet is the certified subject.","2026-08-31","","British Museum, Sutton Hoo helmet | https://www.britishmuseum.org/","false","","READY_FOR_INDEPENDENT_REVIEW","","","","","","","","","",""
"img-spitfire","fnv1a32-c649b2aa","IMAGE_REVEAL","Identify this elliptical-winged British fighter","Supermarine Spitfire","supermarine spitfire","MIXED","RULES_ENGINE","Supermarine Spitfire is the certified subject.","2026-08-31","","Royal Air Force Museum, Spitfire | https://www.rafmuseum.org.uk/","false","","READY_FOR_INDEPENDENT_REVIEW","","","","","","","","","",""
"img-caernarfon","fnv1a32-384cfee0","IMAGE_REVEAL","Identify this polygonal-towered castle in Gwynedd","Caernarfon Castle","caernarfon castle","MIXED","RULES_ENGINE","Caernarfon Castle is the certified subject.","2026-08-31","","Cadw, Caernarfon Castle | https://cadw.gov.wales/","false","","READY_FOR_INDEPENDENT_REVIEW","","","","","","","","","",""
"img-hadrians-wall","fnv1a32-e2e5bfe5","IMAGE_REVEAL","Identify this Roman frontier across northern England","Hadrian’s Wall","hadrian’s wall","MIXED","RULES_ENGINE","Hadrian’s Wall is the certified subject.","2026-08-31","","English Heritage, Hadrian’s Wall | https://www.english-heritage.org.uk/","false","","READY_FOR_INDEPENDENT_REVIEW","","","","","","","","","",""
"img-cerne-abbas","fnv1a32-653ea96d","IMAGE_REVEAL","Identify this chalk hill figure in Dorset","Cerne Abbas Giant","cerne abbas giant","MIXED","RULES_ENGINE","Cerne Abbas Giant is the certified subject.","2026-08-31","","National Trust, Cerne Giant | https://www.nationaltrust.org.uk/","false","","READY_FOR_INDEPENDENT_REVIEW","","","","","","","","","",""
"sts-parliament-bell","fnv1a32-89a9f10d","STOP_THE_SCORE","What does the name Big Ben strictly refer to?","The Great Bell","","MIXED","RULES_ENGINE","Big Ben is the nickname of the Great Bell, not the tower.","2026-08-31","","UK Parliament, Big Ben | https://www.parliament.uk/","false","","READY_FOR_INDEPENDENT_REVIEW","","","","","","","","","",""
"sts-national-park-first","fnv1a32-9842073a","STOP_THE_SCORE","Which was Britain’s first designated National Park?","Peak District","","MIXED","RULES_ENGINE","The Peak District was designated in April 1951.","2026-08-31","","National Parks UK | https://www.nationalparks.uk/","false","","READY_FOR_INDEPENDENT_REVIEW","","","","","","","","","",""
"sts-rosetta-scripts","fnv1a32-fcdaa9c2","STOP_THE_SCORE","How many scripts appear on the Rosetta Stone?","Three","","MIXED","RULES_ENGINE","The decree appears in hieroglyphic, Demotic and Ancient Greek.","2026-08-31","","British Museum, Rosetta Stone | https://www.britishmuseum.org/","false","","READY_FOR_INDEPENDENT_REVIEW","","","","","","","","","",""
"sts-channel-opening","fnv1a32-2feb9403","STOP_THE_SCORE","In which year did the Channel Tunnel officially open?","1994","","MIXED","RULES_ENGINE","Queen Elizabeth II and President François Mitterrand opened it in 1994.","2026-08-31","","Getlink, Channel Tunnel history | https://www.getlinkgroup.com/","false","","READY_FOR_INDEPENDENT_REVIEW","","","","","","","","","",""
"sts-stonehenge-county","fnv1a32-987f88ab","STOP_THE_SCORE","In which ceremonial county is Stonehenge?","Wiltshire","","MIXED","RULES_ENGINE","Stonehenge stands on Salisbury Plain in Wiltshire.","2026-08-31","","English Heritage | https://www.english-heritage.org.uk/","false","","READY_FOR_INDEPENDENT_REVIEW","","","","","","","","","",""
"sts-forth-use","fnv1a32-67c5ccc9","STOP_THE_SCORE","What does the Forth Bridge primarily carry?","Railway trains","","MIXED","RULES_ENGINE","The Forth Bridge is a cantilever railway bridge.","2026-08-31","","Historic Environment Scotland | https://www.historicenvironment.scot/","false","","READY_FOR_INDEPENDENT_REVIEW","","","","","","","","","",""
"sts-ben-nevis","fnv1a32-11618b3a","STOP_THE_SCORE","Ben Nevis belongs to which mountain range?","Grampian Mountains","","MIXED","RULES_ENGINE","Ben Nevis is in the Grampian Mountains near Fort William.","2026-08-31","","Ordnance Survey | https://www.ordnancesurvey.co.uk/","false","","READY_FOR_INDEPENDENT_REVIEW","","","","","","","","","",""
"sts-magna-carta","fnv1a32-17a4bc62","STOP_THE_SCORE","Magna Carta was first sealed in which year?","1215","","MIXED","RULES_ENGINE","King John sealed Magna Carta at Runnymede in June 1215.","2026-08-31","","UK Parliament, Magna Carta | https://www.parliament.uk/","false","","READY_FOR_INDEPENDENT_REVIEW","","","","","","","","","",""
"sts-tube-first","fnv1a32-38e0026c","STOP_THE_SCORE","Which was the world’s first underground passenger railway?","Metropolitan Railway","","MIXED","RULES_ENGINE","The Metropolitan Railway opened in London in 1863.","2026-08-31","","London Transport Museum | https://www.ltmuseum.co.uk/","false","","READY_FOR_INDEPENDENT_REVIEW","","","","","","","","","",""
"sts-giants-geology","fnv1a32-1ce56876","STOP_THE_SCORE","What type of rock forms Giant’s Causeway?","Basalt","","MIXED","RULES_ENGINE","Cooling lava fractured into the famous basalt columns.","2026-08-31","","Geological Survey of Northern Ireland | https://www2.bgs.ac.uk/gsni/","false","","READY_FOR_INDEPENDENT_REVIEW","","","","","","","","","",""
"top10-exp-bond-films","fnv1a32-39d2c220","TOP_10","The first ten official Eon James Bond films, in UK release order","Dr. No || From Russia with Love || Goldfinger || Thunderball || You Only Live Twice || On Her Majesty’s Secret Service || Diamonds Are Forever || Live and Let Die || The Man with the Golden Gun || The Spy Who Loved Me","dr. no || from russia with love || goldfinger || thunderball || you only live twice || on her majestys secret service || diamonds are forever || live and let die || man with the golden gun || spy who loved me","EXPERT","RULES_ENGINE","The certified sequence is Dr. No • From Russia with Love • Goldfinger • Thunderball • You Only Live Twice • On Her Majesty’s Secret Service • Diamonds Are Forever • Live and Let Die • The Man with the Golden Gun • The Spy Who Loved Me.","2026-08-31","","British Film Institute, James Bond filmography | https://www.bfi.org.uk/","true","2027-02-28","READY_FOR_INDEPENDENT_REVIEW","","","","","","","","","",""
"top10-exp-post-conquest-monarchs","fnv1a32-b5f6a5da","TOP_10","The first ten English monarchs after the Norman Conquest, by accession","William I || William II || Henry I || Stephen || Henry II || Richard I || John || Henry III || Edward I || Edward II","william i || william ii || henry i || stephen || henry ii || richard i || john || henry iii || edward i || edward ii","EXPERT","RULES_ENGINE","The certified sequence is William I • William II • Henry I • Stephen • Henry II • Richard I • John • Henry III • Edward I • Edward II.","2026-08-31","","The Royal Family, Kings and Queens chronology | https://www.royal.uk/","true","2027-02-28","READY_FOR_INDEPENDENT_REVIEW","","","","","","","","","",""
"top10-exp-dickens-novels","fnv1a32-7acd883a","TOP_10","The first ten Charles Dickens novels, by initial publication","The Pickwick Papers || Oliver Twist || Nicholas Nickleby || The Old Curiosity Shop || Barnaby Rudge || Martin Chuzzlewit || Dombey and Son || David Copperfield || Bleak House || Hard Times","pickwick papers || oliver twist || nicholas nickleby || old curiosity shop || barnaby rudge || martin chuzzlewit || dombey and son || david copperfield || bleak house || hard times","EXPERT","RULES_ENGINE","The certified sequence is The Pickwick Papers • Oliver Twist • Nicholas Nickleby • The Old Curiosity Shop • Barnaby Rudge • Martin Chuzzlewit • Dombey and Son • David Copperfield • Bleak House • Hard Times.","2026-08-31","","British Library, Charles Dickens bibliography | https://www.bl.uk/","true","2027-02-28","READY_FOR_INDEPENDENT_REVIEW","","","","","","","","","",""
"top10-exp-scottish-islands","fnv1a32-3d9b0423","TOP_10","The ten largest Scottish islands by land area","Lewis and Harris || Skye || Mainland, Shetland || Mull || Islay || Mainland, Orkney || Arran || Jura || South Uist || North Uist","lewis and harris || skye || mainland, shetland || mull || islay || mainland, orkney || arran || jura || south uist || north uist","EXPERT","RULES_ENGINE","The certified sequence is Lewis and Harris • Skye • Mainland, Shetland • Mull • Islay • Mainland, Orkney • Arran • Jura • South Uist • North Uist.","2026-08-31","","National Records of Scotland, Inhabited Islands analytical table | https://www.nrscotland.gov.uk/","true","2027-02-28","READY_FOR_INDEPENDENT_REVIEW","","","","","","","","","",""
"top10-exp-english-peaks","fnv1a32-f011ec4d","TOP_10","The ten highest mountain summits in England","Scafell Pike || Scafell || Helvellyn || Ill Crag || Broad Crag || Skiddaw || Great End || Bowfell || Great Gable || Cross Fell","scafell pike || scafell || helvellyn || ill crag || broad crag || skiddaw || great end || bowfell || great gable || cross fell","EXPERT","RULES_ENGINE","The certified sequence is Scafell Pike • Scafell • Helvellyn • Ill Crag • Broad Crag • Skiddaw • Great End • Bowfell • Great Gable • Cross Fell.","2026-08-31","","Ordnance Survey, highest mountains in England | https://www.ordnancesurvey.co.uk/","true","2027-02-28","READY_FOR_INDEPENDENT_REVIEW","","","","","","","","","",""
"top10-exp-fa-cup-winners","fnv1a32-051cd1cf","TOP_10","The first ten different clubs to win the FA Cup","Wanderers || Oxford University || Royal Engineers || Old Etonians || Clapham Rovers || Old Carthusians || Blackburn Olympic || Blackburn Rovers || Aston Villa || West Bromwich Albion","wanderers || oxford university || royal engineers || old etonians || clapham rovers || old carthusians || blackburn olympic || blackburn rovers || aston villa || west bromwich albion","EXPERT","RULES_ENGINE","The certified sequence is Wanderers • Oxford University • Royal Engineers • Old Etonians • Clapham Rovers • Old Carthusians • Blackburn Olympic • Blackburn Rovers • Aston Villa • West Bromwich Albion.","2026-08-31","","The Football Association, FA Cup roll of honour | https://www.thefa.com/","true","2027-02-28","READY_FOR_INDEPENDENT_REVIEW","","","","","","","","","",""
"top10-exp-london-boroughs","fnv1a32-39a171a2","TOP_10","The first ten London boroughs in alphabetical register order","Barking and Dagenham || Barnet || Bexley || Brent || Bromley || Camden || Croydon || Ealing || Enfield || Greenwich","barking and dagenham || barnet || bexley || brent || bromley || camden || croydon || ealing || enfield || greenwich","EXPERT","RULES_ENGINE","The certified sequence is Barking and Dagenham • Barnet • Bexley • Brent • Bromley • Camden • Croydon • Ealing • Enfield • Greenwich.","2026-08-31","","London Councils, borough directory | https://www.londoncouncils.gov.uk/","true","2027-02-28","READY_FOR_INDEPENDENT_REVIEW","","","","","","","","","",""
"top10-exp-shakespeare-histories","fnv1a32-dcf9b81b","TOP_10","Ten Shakespeare English history plays in their subjects’ chronological order","King John || Richard II || Henry IV, Part 1 || Henry IV, Part 2 || Henry V || Henry VI, Part 1 || Henry VI, Part 2 || Henry VI, Part 3 || Richard III || Henry VIII","king john || richard ii || henry iv, part 1 || henry iv, part 2 || henry v || henry vi, part 1 || henry vi, part 2 || henry vi, part 3 || richard iii || henry viii","EXPERT","RULES_ENGINE","The certified sequence is King John • Richard II • Henry IV, Part 1 • Henry IV, Part 2 • Henry V • Henry VI, Part 1 • Henry VI, Part 2 • Henry VI, Part 3 • Richard III • Henry VIII.","2026-08-31","","Shakespeare Birthplace Trust, histories catalogue | https://www.shakespeare.org.uk/","true","2027-02-28","READY_FOR_INDEPENDENT_REVIEW","","","","","","","","","",""
"top10-exp-savoy-operas","fnv1a32-62f27756","TOP_10","The first ten Gilbert and Sullivan operas after Thespis, by première","Trial by Jury || The Sorcerer || H.M.S. Pinafore || The Pirates of Penzance || Patience || Iolanthe || Princess Ida || The Mikado || Ruddigore || The Yeomen of the Guard","trial by jury || sorcerer || h.m.s. pinafore || pirates of penzance || patience || iolanthe || princess ida || mikado || ruddigore || yeomen of the guard","EXPERT","RULES_ENGINE","The certified sequence is Trial by Jury • The Sorcerer • H.M.S. Pinafore • The Pirates of Penzance • Patience • Iolanthe • Princess Ida • The Mikado • Ruddigore • The Yeomen of the Guard.","2026-08-31","","The Gilbert and Sullivan Society, opera chronology | https://www.gilbertandsullivansociety.org.uk/pages/about-gilbert-and-sullivan","true","2027-02-28","READY_FOR_INDEPENDENT_REVIEW","","","","","","","","","",""
"top10-exp-beatles-albums","fnv1a32-5e6fdb00","TOP_10","The first ten core Beatles studio albums in UK release order","Please Please Me || With the Beatles || A Hard Day’s Night || Beatles for Sale || Help! || Rubber Soul || Revolver || Sgt. Pepper’s Lonely Hearts Club Band || The Beatles || Yellow Submarine","please please me || with the beatles || a hard days night || beatles for sale || help! || rubber soul || revolver || sgt. peppers lonely hearts club band || beatles || yellow submarine","EXPERT","RULES_ENGINE","The certified sequence is Please Please Me • With the Beatles • A Hard Day’s Night • Beatles for Sale • Help! • Rubber Soul • Revolver • Sgt. Pepper’s Lonely Hearts Club Band • The Beatles • Yellow Submarine.","2026-08-31","","British Library, The Beatles collection and discography | https://www.bl.uk/","true","2027-02-28","READY_FOR_INDEPENDENT_REVIEW","","","","","","","","","",""
"bid-exp-english-regions","fnv1a32-be344f48","PUT_UP_OR_SHUT_UP","Name official regions of England","North East || North West || Yorkshire and the Humber || East Midlands || West Midlands || East of England || London || South East || South West","north east || north west || yorkshire and the humber || east midlands || west midlands || east of england || london || south east || south west","EXPERT","RULES_ENGINE","The certified register contains 9 entries.","2026-08-31","","Office for National Statistics, Regions of England | https://www.ons.gov.uk/","false","","READY_FOR_INDEPENDENT_REVIEW","","","","","","","","","",""
"bid-exp-london-boroughs","fnv1a32-dcd911f7","PUT_UP_OR_SHUT_UP","Name London boroughs","Barking and Dagenham || Barnet || Bexley || Brent || Bromley || Camden || Croydon || Ealing || Enfield || Greenwich || Hackney || Hammersmith and Fulham || Haringey || Harrow || Havering || Hillingdon || Hounslow || Islington || Kensington and Chelsea || Kingston upon Thames || Lambeth || Lewisham || Merton || Newham || Redbridge || Richmond upon Thames || Southwark || Sutton || Tower Hamlets || Waltham Forest || Wandsworth || Westminster","barking and dagenham || barnet || bexley || brent || bromley || camden || croydon || ealing || enfield || greenwich || hackney || hammersmith and fulham || haringey || harrow || havering || hillingdon || hounslow || islington || kensington and chelsea || kingston upon thames || lambeth || lewisham || merton || newham || redbridge || richmond upon thames || southwark || sutton || tower hamlets || waltham forest || wandsworth || westminster","ACCESSIBLE","RULES_ENGINE","The certified register contains 32 entries.","2026-08-31","","London Councils, borough directory | https://www.londoncouncils.gov.uk/","false","","READY_FOR_INDEPENDENT_REVIEW","","","","","","","","","",""
"bid-exp-dickens-novels","fnv1a32-b9ca5c64","PUT_UP_OR_SHUT_UP","Name novels written by Charles Dickens","The Pickwick Papers || Oliver Twist || Nicholas Nickleby || The Old Curiosity Shop || Barnaby Rudge || Martin Chuzzlewit || Dombey and Son || David Copperfield || Bleak House || Hard Times || Little Dorrit || A Tale of Two Cities || Great Expectations || Our Mutual Friend || The Mystery of Edwin Drood","pickwick papers || oliver twist || nicholas nickleby || old curiosity shop || barnaby rudge || martin chuzzlewit || dombey and son || david copperfield || bleak house || hard times || little dorrit || a tale of two cities || great expectations || our mutual friend || mystery of edwin drood","MIXED","RULES_ENGINE","The certified register contains 15 entries.","2026-08-31","","British Library, Charles Dickens bibliography | https://www.bl.uk/","false","","READY_FOR_INDEPENDENT_REVIEW","","","","","","","","","",""
"bid-exp-bond-films","fnv1a32-5b95ab9f","PUT_UP_OR_SHUT_UP","Name official Eon James Bond films","Dr. No || From Russia with Love || Goldfinger || Thunderball || You Only Live Twice || On Her Majesty’s Secret Service || Diamonds Are Forever || Live and Let Die || The Man with the Golden Gun || The Spy Who Loved Me || Moonraker || For Your Eyes Only || Octopussy || A View to a Kill || The Living Daylights || Licence to Kill || GoldenEye || Tomorrow Never Dies || The World Is Not Enough || Die Another Day || Casino Royale || Quantum of Solace || Skyfall || Spectre || No Time to Die","dr. no || from russia with love || goldfinger || thunderball || you only live twice || on her majestys secret service || diamonds are forever || live and let die || man with the golden gun || spy who loved me || moonraker || for your eyes only || octopussy || a view to a kill || living daylights || licence to kill || goldeneye || tomorrow never dies || world is not enough || die another day || casino royale || quantum of solace || skyfall || spectre || no time to die","ACCESSIBLE","RULES_ENGINE","The certified register contains 25 entries.","2026-08-31","","British Film Institute, James Bond filmography | https://www.bfi.org.uk/","false","","READY_FOR_INDEPENDENT_REVIEW","","","","","","","","","",""
"bid-exp-shakespeare-histories","fnv1a32-7f8c8183","PUT_UP_OR_SHUT_UP","Name Shakespeare English history plays","King John || Richard II || Henry IV, Part 1 || Henry IV, Part 2 || Henry V || Henry VI, Part 1 || Henry VI, Part 2 || Henry VI, Part 3 || Richard III || Henry VIII","king john || richard ii || henry iv, part 1 || henry iv, part 2 || henry v || henry vi, part 1 || henry vi, part 2 || henry vi, part 3 || richard iii || henry viii","MIXED","RULES_ENGINE","The certified register contains 10 entries.","2026-08-31","","Shakespeare Birthplace Trust, histories catalogue | https://www.shakespeare.org.uk/","false","","READY_FOR_INDEPENDENT_REVIEW","","","","","","","","","",""
"bid-exp-savoy-operas","fnv1a32-f02642d1","PUT_UP_OR_SHUT_UP","Name Gilbert and Sullivan operas first produced at the Opera Comique or Savoy tradition","Trial by Jury || The Sorcerer || H.M.S. Pinafore || The Pirates of Penzance || Patience || Iolanthe || Princess Ida || The Mikado || Ruddigore || The Yeomen of the Guard || The Gondoliers || Utopia, Limited || The Grand Duke","trial by jury || sorcerer || h.m.s. pinafore || pirates of penzance || patience || iolanthe || princess ida || mikado || ruddigore || yeomen of the guard || gondoliers || utopia, limited || grand duke","MIXED","RULES_ENGINE","The certified register contains 13 entries.","2026-08-31","","The Gilbert and Sullivan Society, opera chronology | https://www.gilbertandsullivansociety.org.uk/pages/about-gilbert-and-sullivan","false","","READY_FOR_INDEPENDENT_REVIEW","","","","","","","","","",""
"bid-exp-royal-parks","fnv1a32-97cd3972","PUT_UP_OR_SHUT_UP","Name the Royal Parks in London","Bushy Park || Green Park || Greenwich Park || Hyde Park || Kensington Gardens || Regent’s Park and Primrose Hill || Richmond Park || St James’s Park","bushy park || green park || greenwich park || hyde park || kensington gardens || regents park and primrose hill || Regents Park || Regent Park || Primrose Hill || richmond park || st jamess park","EXPERT","RULES_ENGINE","The certified register contains 8 entries.","2026-08-31","","The Royal Parks, park directory | https://www.royalparks.org.uk/","false","","READY_FOR_INDEPENDENT_REVIEW","","","","","","","","","",""
"bid-exp-russell-group","fnv1a32-cc35e1d2","PUT_UP_OR_SHUT_UP","Name Russell Group universities","University of Birmingham || University of Bristol || University of Cambridge || Cardiff University || Durham University || University of Edinburgh || University of Exeter || University of Glasgow || Imperial College London || King’s College London || University of Leeds || University of Liverpool || London School of Economics || University of Manchester || Newcastle University || University of Nottingham || University of Oxford || Queen Mary University of London || Queen’s University Belfast || University of Sheffield || University of Southampton || University College London || University of Warwick || University of York","university of birmingham || university of bristol || university of cambridge || cardiff university || durham university || university of edinburgh || university of exeter || university of glasgow || imperial college london || kings college london || university of leeds || university of liverpool || london school of economics || university of manchester || newcastle university || university of nottingham || university of oxford || queen mary university of london || queens university belfast || university of sheffield || university of southampton || university college london || university of warwick || university of york","ACCESSIBLE","RULES_ENGINE","The certified register contains 24 entries.","2026-08-31","","Russell Group, Our universities | https://www.russellgroup.ac.uk/","false","","READY_FOR_INDEPENDENT_REVIEW","","","","","","","","","",""
"bid-exp-lake-district-lakes","fnv1a32-4797e552","PUT_UP_OR_SHUT_UP","Name major named lakes, waters and meres in the Lake District","Bassenthwaite Lake || Brothers Water || Buttermere || Coniston Water || Crummock Water || Derwent Water || Elter Water || Ennerdale Water || Esthwaite Water || Grasmere || Haweswater || Loweswater || Rydal Water || Thirlmere || Ullswater || Wast Water || Windermere","bassenthwaite lake || brothers water || buttermere || coniston water || crummock water || derwent water || elter water || ennerdale water || esthwaite water || grasmere || haweswater || loweswater || rydal water || thirlmere || ullswater || wast water || windermere","MIXED","RULES_ENGINE","The certified register contains 17 entries.","2026-08-31","","Lake District National Park, lakes and waters | https://www.lakedistrict.gov.uk/","false","","READY_FOR_INDEPENDENT_REVIEW","","","","","","","","","",""
"bid-exp-uk-national-parks","fnv1a32-d1aa9e5a","PUT_UP_OR_SHUT_UP","Name National Parks in England, Scotland or Wales","The Broads || Cairngorms || Dartmoor || Exmoor || Lake District || Loch Lomond and the Trossachs || New Forest || North York Moors || Northumberland || Peak District || Pembrokeshire Coast || Eryri || South Downs || Yorkshire Dales || Bannau Brycheiniog","broads || cairngorms || dartmoor || exmoor || lake district || loch lomond and the trossachs || Loch Lomond || new forest || north york moors || northumberland || peak district || pembrokeshire coast || eryri || Snowdonia || south downs || yorkshire dales || bannau brycheiniog || Brecon Beacons","MIXED","RULES_ENGINE","The certified register contains 15 entries.","2026-08-31","","National Parks UK, park directory | https://www.nationalparks.uk/","false","","READY_FOR_INDEPENDENT_REVIEW","","","","","","","","","",""
"list-exp-english-regions","fnv1a32-f6f3924f","THE_LIST","Feed the pressure register with official regions of England","North East || North West || Yorkshire and the Humber || East Midlands || West Midlands || East of England || London || South East || South West","north east || north west || yorkshire and the humber || east midlands || west midlands || east of england || london || south east || south west","EXPERT","RULES_ENGINE","The certified register contains 9 entries.","2026-08-31","","Office for National Statistics, Regions of England | https://www.ons.gov.uk/","false","","READY_FOR_INDEPENDENT_REVIEW","","","","","","","","","",""
"list-exp-london-boroughs","fnv1a32-541baf46","THE_LIST","Feed the pressure register with London boroughs","Barking and Dagenham || Barnet || Bexley || Brent || Bromley || Camden || Croydon || Ealing || Enfield || Greenwich || Hackney || Hammersmith and Fulham || Haringey || Harrow || Havering || Hillingdon || Hounslow || Islington || Kensington and Chelsea || Kingston upon Thames || Lambeth || Lewisham || Merton || Newham || Redbridge || Richmond upon Thames || Southwark || Sutton || Tower Hamlets || Waltham Forest || Wandsworth || Westminster","barking and dagenham || barnet || bexley || brent || bromley || camden || croydon || ealing || enfield || greenwich || hackney || hammersmith and fulham || haringey || harrow || havering || hillingdon || hounslow || islington || kensington and chelsea || kingston upon thames || lambeth || lewisham || merton || newham || redbridge || richmond upon thames || southwark || sutton || tower hamlets || waltham forest || wandsworth || westminster","ACCESSIBLE","RULES_ENGINE","The certified register contains 32 entries.","2026-08-31","","London Councils, borough directory | https://www.londoncouncils.gov.uk/","false","","READY_FOR_INDEPENDENT_REVIEW","","","","","","","","","",""
"list-exp-dickens-novels","fnv1a32-9c704aaf","THE_LIST","Feed the pressure register with novels written by Charles Dickens","The Pickwick Papers || Oliver Twist || Nicholas Nickleby || The Old Curiosity Shop || Barnaby Rudge || Martin Chuzzlewit || Dombey and Son || David Copperfield || Bleak House || Hard Times || Little Dorrit || A Tale of Two Cities || Great Expectations || Our Mutual Friend || The Mystery of Edwin Drood","pickwick papers || oliver twist || nicholas nickleby || old curiosity shop || barnaby rudge || martin chuzzlewit || dombey and son || david copperfield || bleak house || hard times || little dorrit || a tale of two cities || great expectations || our mutual friend || mystery of edwin drood","MIXED","RULES_ENGINE","The certified register contains 15 entries.","2026-08-31","","British Library, Charles Dickens bibliography | https://www.bl.uk/","false","","READY_FOR_INDEPENDENT_REVIEW","","","","","","","","","",""
"list-exp-bond-films","fnv1a32-0a53de7e","THE_LIST","Feed the pressure register with official Eon James Bond films","Dr. No || From Russia with Love || Goldfinger || Thunderball || You Only Live Twice || On Her Majesty’s Secret Service || Diamonds Are Forever || Live and Let Die || The Man with the Golden Gun || The Spy Who Loved Me || Moonraker || For Your Eyes Only || Octopussy || A View to a Kill || The Living Daylights || Licence to Kill || GoldenEye || Tomorrow Never Dies || The World Is Not Enough || Die Another Day || Casino Royale || Quantum of Solace || Skyfall || Spectre || No Time to Die","dr. no || from russia with love || goldfinger || thunderball || you only live twice || on her majestys secret service || diamonds are forever || live and let die || man with the golden gun || spy who loved me || moonraker || for your eyes only || octopussy || a view to a kill || living daylights || licence to kill || goldeneye || tomorrow never dies || world is not enough || die another day || casino royale || quantum of solace || skyfall || spectre || no time to die","ACCESSIBLE","RULES_ENGINE","The certified register contains 25 entries.","2026-08-31","","British Film Institute, James Bond filmography | https://www.bfi.org.uk/","false","","READY_FOR_INDEPENDENT_REVIEW","","","","","","","","","",""
"list-exp-shakespeare-histories","fnv1a32-eea54302","THE_LIST","Feed the pressure register with Shakespeare English history plays","King John || Richard II || Henry IV, Part 1 || Henry IV, Part 2 || Henry V || Henry VI, Part 1 || Henry VI, Part 2 || Henry VI, Part 3 || Richard III || Henry VIII","king john || richard ii || henry iv, part 1 || henry iv, part 2 || henry v || henry vi, part 1 || henry vi, part 2 || henry vi, part 3 || richard iii || henry viii","MIXED","RULES_ENGINE","The certified register contains 10 entries.","2026-08-31","","Shakespeare Birthplace Trust, histories catalogue | https://www.shakespeare.org.uk/","false","","READY_FOR_INDEPENDENT_REVIEW","","","","","","","","","",""
"list-exp-savoy-operas","fnv1a32-99a7671a","THE_LIST","Feed the pressure register with Gilbert and Sullivan operas first produced at the Opera Comique or Savoy tradition","Trial by Jury || The Sorcerer || H.M.S. Pinafore || The Pirates of Penzance || Patience || Iolanthe || Princess Ida || The Mikado || Ruddigore || The Yeomen of the Guard || The Gondoliers || Utopia, Limited || The Grand Duke","trial by jury || sorcerer || h.m.s. pinafore || pirates of penzance || patience || iolanthe || princess ida || mikado || ruddigore || yeomen of the guard || gondoliers || utopia, limited || grand duke","MIXED","RULES_ENGINE","The certified register contains 13 entries.","2026-08-31","","The Gilbert and Sullivan Society, opera chronology | https://www.gilbertandsullivansociety.org.uk/pages/about-gilbert-and-sullivan","false","","READY_FOR_INDEPENDENT_REVIEW","","","","","","","","","",""
"list-exp-royal-parks","fnv1a32-b69b97fd","THE_LIST","Feed the pressure register with the Royal Parks in London","Bushy Park || Green Park || Greenwich Park || Hyde Park || Kensington Gardens || Regent’s Park and Primrose Hill || Richmond Park || St James’s Park","bushy park || green park || greenwich park || hyde park || kensington gardens || regents park and primrose hill || Regents Park || Regent Park || Primrose Hill || richmond park || st jamess park","EXPERT","RULES_ENGINE","The certified register contains 8 entries.","2026-08-31","","The Royal Parks, park directory | https://www.royalparks.org.uk/","false","","READY_FOR_INDEPENDENT_REVIEW","","","","","","","","","",""
"list-exp-russell-group","fnv1a32-571770b3","THE_LIST","Feed the pressure register with Russell Group universities","University of Birmingham || University of Bristol || University of Cambridge || Cardiff University || Durham University || University of Edinburgh || University of Exeter || University of Glasgow || Imperial College London || King’s College London || University of Leeds || University of Liverpool || London School of Economics || University of Manchester || Newcastle University || University of Nottingham || University of Oxford || Queen Mary University of London || Queen’s University Belfast || University of Sheffield || University of Southampton || University College London || University of Warwick || University of York","university of birmingham || university of bristol || university of cambridge || cardiff university || durham university || university of edinburgh || university of exeter || university of glasgow || imperial college london || kings college london || university of leeds || university of liverpool || london school of economics || university of manchester || newcastle university || university of nottingham || university of oxford || queen mary university of london || queens university belfast || university of sheffield || university of southampton || university college london || university of warwick || university of york","ACCESSIBLE","RULES_ENGINE","The certified register contains 24 entries.","2026-08-31","","Russell Group, Our universities | https://www.russellgroup.ac.uk/","false","","READY_FOR_INDEPENDENT_REVIEW","","","","","","","","","",""
"list-exp-lake-district-lakes","fnv1a32-27b80d85","THE_LIST","Feed the pressure register with major named lakes, waters and meres in the Lake District","Bassenthwaite Lake || Brothers Water || Buttermere || Coniston Water || Crummock Water || Derwent Water || Elter Water || Ennerdale Water || Esthwaite Water || Grasmere || Haweswater || Loweswater || Rydal Water || Thirlmere || Ullswater || Wast Water || Windermere","bassenthwaite lake || brothers water || buttermere || coniston water || crummock water || derwent water || elter water || ennerdale water || esthwaite water || grasmere || haweswater || loweswater || rydal water || thirlmere || ullswater || wast water || windermere","MIXED","RULES_ENGINE","The certified register contains 17 entries.","2026-08-31","","Lake District National Park, lakes and waters | https://www.lakedistrict.gov.uk/","false","","READY_FOR_INDEPENDENT_REVIEW","","","","","","","","","",""
"list-exp-uk-national-parks","fnv1a32-d98f9297","THE_LIST","Feed the pressure register with National Parks in England, Scotland or Wales","The Broads || Cairngorms || Dartmoor || Exmoor || Lake District || Loch Lomond and the Trossachs || New Forest || North York Moors || Northumberland || Peak District || Pembrokeshire Coast || Eryri || South Downs || Yorkshire Dales || Bannau Brycheiniog","broads || cairngorms || dartmoor || exmoor || lake district || loch lomond and the trossachs || Loch Lomond || new forest || north york moors || northumberland || peak district || pembrokeshire coast || eryri || Snowdonia || south downs || yorkshire dales || bannau brycheiniog || Brecon Beacons","MIXED","RULES_ENGINE","The certified register contains 15 entries.","2026-08-31","","National Parks UK, park directory | https://www.nationalparks.uk/","false","","READY_FOR_INDEPENDENT_REVIEW","","","","","","","","","",""
"map-exp-durham-cathedral","fnv1a32-6485656b","WHERE_IN_BRITAIN","Locate Durham Cathedral","Durham Cathedral","","MIXED","RULES_ENGINE","The certified coordinates are approximately 54.773°, -1.576°.","2026-08-31","","Durham Cathedral official visitor information | https://www.durhamcathedral.co.uk/","true","2027-02-28","READY_FOR_INDEPENDENT_REVIEW","","","","","","","","","",""
"map-exp-stirling-castle","fnv1a32-111bfecd","WHERE_IN_BRITAIN","Locate Stirling Castle","Stirling Castle","","MIXED","RULES_ENGINE","The certified coordinates are approximately 56.124°, -3.947°.","2026-08-31","","Historic Environment Scotland, Stirling Castle | https://www.historicenvironment.scot/","false","","READY_FOR_INDEPENDENT_REVIEW","","","","","","","","","",""
"map-exp-giants-causeway","fnv1a32-9e96770d","WHERE_IN_BRITAIN","Locate Giant’s Causeway","Giant’s Causeway","","EXPERT","RULES_ENGINE","The certified coordinates are approximately 55.241°, -6.512°.","2026-08-31","","National Trust, Giant’s Causeway | https://www.nationaltrust.org.uk/","false","","READY_FOR_INDEPENDENT_REVIEW","","","","","","","","","",""
"map-exp-tenby","fnv1a32-968210fe","WHERE_IN_BRITAIN","Locate Tenby Harbour","Tenby Harbour","","EXPERT","RULES_ENGINE","The certified coordinates are approximately 51.673°, -4.700°.","2026-08-31","","Visit Wales, Tenby | https://www.visitwales.com/","false","","READY_FOR_INDEPENDENT_REVIEW","","","","","","","","","",""
"map-exp-whitby-abbey","fnv1a32-d94d1d1b","WHERE_IN_BRITAIN","Locate Whitby Abbey","Whitby Abbey","","EXPERT","RULES_ENGINE","The certified coordinates are approximately 54.489°, -0.607°.","2026-08-31","","English Heritage, Whitby Abbey | https://www.english-heritage.org.uk/","false","","READY_FOR_INDEPENDENT_REVIEW","","","","","","","","","",""
"map-exp-urquhart-castle","fnv1a32-f92d9313","WHERE_IN_BRITAIN","Locate Urquhart Castle","Urquhart Castle","","MIXED","RULES_ENGINE","The certified coordinates are approximately 57.324°, -4.442°.","2026-08-31","","Historic Environment Scotland, Urquhart Castle | https://www.historicenvironment.scot/","false","","READY_FOR_INDEPENDENT_REVIEW","","","","","","","","","",""
"map-exp-iron-bridge","fnv1a32-8cba3f6c","WHERE_IN_BRITAIN","Locate The Iron Bridge, Shropshire","The Iron Bridge, Shropshire","","EXPERT","RULES_ENGINE","The certified coordinates are approximately 52.628°, -2.485°.","2026-08-31","","English Heritage, Iron Bridge | https://www.english-heritage.org.uk/","false","","READY_FOR_INDEPENDENT_REVIEW","","","","","","","","","",""
"map-exp-royal-pavilion","fnv1a32-ac7db57c","WHERE_IN_BRITAIN","Locate Royal Pavilion, Brighton","Royal Pavilion, Brighton","","EXPERT","RULES_ENGINE","The certified coordinates are approximately 50.823°, -0.137°.","2026-08-31","","Royal Pavilion and Museums Trust | https://brightonmuseums.org.uk/","false","","READY_FOR_INDEPENDENT_REVIEW","","","","","","","","","",""
"map-exp-titanic-belfast","fnv1a32-23c49107","WHERE_IN_BRITAIN","Locate Titanic Belfast","Titanic Belfast","","EXPERT","RULES_ENGINE","The certified coordinates are approximately 54.608°, -5.910°.","2026-08-31","","Titanic Belfast official visitor information | https://www.titanicbelfast.com/","true","2027-02-28","READY_FOR_INDEPENDENT_REVIEW","","","","","","","","","",""
"map-exp-lindisfarne-castle","fnv1a32-bdcb1a69","WHERE_IN_BRITAIN","Locate Lindisfarne Castle","Lindisfarne Castle","","MIXED","RULES_ENGINE","The certified coordinates are approximately 55.670°, -1.784°.","2026-08-31","","National Trust, Lindisfarne Castle | https://www.nationaltrust.org.uk/","false","","READY_FOR_INDEPENDENT_REVIEW","","","","","","","","","",""
"closest-exp-blackpool-tower","fnv1a32-a73df31c","CLOSEST_WINS","How tall is Blackpool Tower?","158metres","","EXPERT","RULES_ENGINE","The certified value is 158 metres.","2026-08-31","","Blackpool Tower official facts | https://www.theblackpooltower.com/","false","","READY_FOR_INDEPENDENT_REVIEW","","","","","","","","","",""
"closest-exp-elizabeth-tower","fnv1a32-aa95bec9","CLOSEST_WINS","How tall is Elizabeth Tower?","96metres","","EXPERT","RULES_ENGINE","The certified value is 96 metres.","2026-08-31","","UK Parliament, Elizabeth Tower facts | https://www.parliament.uk/","false","","READY_FOR_INDEPENDENT_REVIEW","","","","","","","","","",""
"closest-exp-shard-height","fnv1a32-0def2136","CLOSEST_WINS","How tall is The Shard?","309.6metres","","EXPERT","RULES_ENGINE","The certified value is 309.6 metres.","2026-08-31","","The Shard, building facts | https://www.the-shard.com/","false","","READY_FOR_INDEPENDENT_REVIEW","","","","","","","","","",""
"closest-exp-humber-span","fnv1a32-3140e7c2","CLOSEST_WINS","What is the length of the Humber Bridge main span?","1410metres","","EXPERT","RULES_ENGINE","The certified value is 1410 metres.","2026-08-31","","Humber Bridge Board, bridge facts | https://www.humberbridge.co.uk/","false","","READY_FOR_INDEPENDENT_REVIEW","","","","","","","","","",""
"closest-exp-lovell-dish","fnv1a32-9c5f3446","CLOSEST_WINS","What is the diameter of the Lovell Telescope dish?","76.2metres","","EXPERT","RULES_ENGINE","The certified value is 76.2 metres.","2026-08-31","","Jodrell Bank Centre for Engagement | https://www.jodrellbank.net/","false","","READY_FOR_INDEPENDENT_REVIEW","","","","","","","","","",""
"closest-exp-kelpies-height","fnv1a32-a307a617","CLOSEST_WINS","How tall is each of The Kelpies?","30metres","","EXPERT","RULES_ENGINE","The certified value is 30 metres.","2026-08-31","","Scottish Canals, The Kelpies | https://www.scottishcanals.co.uk/","false","","READY_FOR_INDEPENDENT_REVIEW","","","","","","","","","",""
"closest-exp-royal-albert-capacity","fnv1a32-8b7214ee","CLOSEST_WINS","What is the seated capacity of the Royal Albert Hall?","5272seats","","EXPERT","RULES_ENGINE","The certified value is 5272 seats.","2026-08-31","","Royal Albert Hall, auditorium facts | https://www.royalalberthall.com/","false","","READY_FOR_INDEPENDENT_REVIEW","","","","","","","","","",""
"closest-exp-forth-length","fnv1a32-d00ba8df","CLOSEST_WINS","What is the total length of the Forth Bridge?","2467metres","","EXPERT","RULES_ENGINE","The certified value is 2467 metres.","2026-08-31","","Historic Environment Scotland, Forth Bridge | https://www.historicenvironment.scot/","false","","READY_FOR_INDEPENDENT_REVIEW","","","","","","","","","",""
"closest-exp-clifton-span","fnv1a32-344510f2","CLOSEST_WINS","What is the span of Clifton Suspension Bridge?","214metres","","EXPERT","RULES_ENGINE","The certified value is 214 metres.","2026-08-31","","Clifton Suspension Bridge Trust | https://cliftonbridge.org.uk/","false","","READY_FOR_INDEPENDENT_REVIEW","","","","","","","","","",""
"closest-exp-yr-wyddfa-height","fnv1a32-383c8f66","CLOSEST_WINS","What is the height of Yr Wyddfa?","1085metres","","EXPERT","RULES_ENGINE","The certified value is 1085 metres.","2026-08-31","","Eryri National Park and Ordnance Survey | https://www.ordnancesurvey.co.uk/","false","","READY_FOR_INDEPENDENT_REVIEW","","","","","","","","","",""
"rank-exp-tudors","fnv1a32-8af7c79c","RANK_IT","Order these Tudor monarchs by accession, earliest first","Henry VII || Henry VIII || Edward VI || Mary I || Elizabeth I","","MIXED","RULES_ENGINE","The certified order is Henry VII → Henry VIII → Edward VI → Mary I → Elizabeth I.","2026-08-31","","The Royal Family, Tudor chronology | https://www.royal.uk/","false","","READY_FOR_INDEPENDENT_REVIEW","","","","","","","","","",""
"rank-exp-scientists","fnv1a32-c5919e0b","RANK_IT","Order these British scientists by birth, earliest first","Isaac Newton || Michael Faraday || Charles Darwin || Alan Turing","","ACCESSIBLE","RULES_ENGINE","The certified order is Isaac Newton → Michael Faraday → Charles Darwin → Alan Turing.","2026-08-31","","Royal Society biographies | https://royalsociety.org/","false","","READY_FOR_INDEPENDENT_REVIEW","","","","","","","","","",""
"rank-exp-authors","fnv1a32-47d752c9","RANK_IT","Order these British authors by birth, earliest first","Jane Austen || Charles Dickens || Virginia Woolf || George Orwell","","ACCESSIBLE","RULES_ENGINE","The certified order is Jane Austen → Charles Dickens → Virginia Woolf → George Orwell.","2026-08-31","","British Library author biographies | https://www.bl.uk/","false","","READY_FOR_INDEPENDENT_REVIEW","","","","","","","","","",""
"rank-exp-wars","fnv1a32-dd36d5f8","RANK_IT","Order these conflicts by starting year, earliest first","English Civil War || Napoleonic Wars || First World War || Second World War","","ACCESSIBLE","RULES_ENGINE","The certified order is English Civil War → Napoleonic Wars → First World War → Second World War.","2026-08-31","","Imperial War Museums, conflict timelines | https://www.iwm.org.uk/","false","","READY_FOR_INDEPENDENT_REVIEW","","","","","","","","","",""
"rank-exp-rail-landmarks","fnv1a32-fff136a8","RANK_IT","Order these transport openings, earliest first","Stockton and Darlington Railway || Forth Bridge || Channel Tunnel || Elizabeth line","","ACCESSIBLE","RULES_ENGINE","The certified order is Stockton and Darlington Railway → Forth Bridge → Channel Tunnel → Elizabeth line.","2026-08-31","","National Railway Museum and Transport for London histories | https://tfl.gov.uk/","false","","READY_FOR_INDEPENDENT_REVIEW","","","","","","","","","",""
"rank-exp-architecture","fnv1a32-74a618dc","RANK_IT","Order these structures by completion, earliest first","Durham Cathedral || Palace of Westminster || Blackpool Tower || The Shard","","ACCESSIBLE","RULES_ENGINE","The certified order is Durham Cathedral → Palace of Westminster → Blackpool Tower → The Shard.","2026-08-31","","Historic England and official building histories | https://historicengland.org.uk/","false","","READY_FOR_INDEPENDENT_REVIEW","","","","","","","","","",""
"rank-exp-communications","fnv1a32-af7bf53f","RANK_IT","Order these communication milestones, earliest first","Electric telegraph || BBC radio broadcasting || BBC Television Service || World Wide Web","","ACCESSIBLE","RULES_ENGINE","The certified order is Electric telegraph → BBC radio broadcasting → BBC Television Service → World Wide Web.","2026-08-31","","Science Museum Group and BBC History | https://www.sciencemuseum.org.uk/","false","","READY_FOR_INDEPENDENT_REVIEW","","","","","","","","","",""
"rank-exp-women-vote","fnv1a32-7bc469b4","RANK_IT","Order these voting milestones, earliest first","Representation of the People Act 1918 || Equal Franchise Act 1928 || Voting age lowered to 18 || Scottish Parliament election 1999","","ACCESSIBLE","RULES_ENGINE","The certified order is Representation of the People Act 1918 → Equal Franchise Act 1928 → Voting age lowered to 18 → Scottish Parliament election 1999.","2026-08-31","","UK Parliament, electoral franchise history | https://www.parliament.uk/","false","","READY_FOR_INDEPENDENT_REVIEW","","","","","","","","","",""
"rank-exp-olympic-britain","fnv1a32-a5942582","RANK_IT","Order these British-hosted sporting events, earliest first","London Olympics 1908 || London Olympics 1948 || London Olympics 2012 || Birmingham Commonwealth Games 2022","","ACCESSIBLE","RULES_ENGINE","The certified order is London Olympics 1908 → London Olympics 1948 → London Olympics 2012 → Birmingham Commonwealth Games 2022.","2026-08-31","","Olympics and Commonwealth Games official histories | https://www.olympics.com/","false","","READY_FOR_INDEPENDENT_REVIEW","","","","","","","","","",""
"rank-exp-albums","fnv1a32-a5886614","RANK_IT","Order these albums by UK release, earliest first","Sgt. Pepper’s Lonely Hearts Club Band || The Dark Side of the Moon || Never Mind the Bollocks || Back to Black","","ACCESSIBLE","RULES_ENGINE","The certified order is Sgt. Pepper’s Lonely Hearts Club Band → The Dark Side of the Moon → Never Mind the Bollocks → Back to Black.","2026-08-31","","British Library and Official Charts discographies | https://www.bl.uk/","false","","READY_FOR_INDEPENDENT_REVIEW","","","","","","","","","",""
"img-exp-white-cliffs","fnv1a32-9353c8b2","IMAGE_REVEAL","Identify this famous chalk coastline","White Cliffs of Dover","white cliffs of dover","MIXED","RULES_ENGINE","The certified subject is White Cliffs of Dover.","2026-08-31","","National Trust, White Cliffs of Dover | https://www.nationaltrust.org.uk/","false","","READY_FOR_INDEPENDENT_REVIEW","","","","","","","","","",""
"img-exp-blackpool-tower","fnv1a32-8525b7ea","IMAGE_REVEAL","Identify this seaside iron tower","Blackpool Tower","blackpool tower","MIXED","RULES_ENGINE","The certified subject is Blackpool Tower.","2026-08-31","","Blackpool Tower official history | https://www.theblackpooltower.com/","false","","READY_FOR_INDEPENDENT_REVIEW","","","","","","","","","",""
"img-exp-royal-pavilion","fnv1a32-1a7a04e4","IMAGE_REVEAL","Identify this domed royal seaside palace","Royal Pavilion, Brighton","royal pavilion, brighton","MIXED","RULES_ENGINE","The certified subject is Royal Pavilion, Brighton.","2026-08-31","","Royal Pavilion and Museums Trust | https://brightonmuseums.org.uk/","false","","READY_FOR_INDEPENDENT_REVIEW","","","","","","","","","",""
"img-exp-falkirk-wheel","fnv1a32-0da4ed43","IMAGE_REVEAL","Identify this rotating boat lift","Falkirk Wheel","falkirk wheel","MIXED","RULES_ENGINE","The certified subject is Falkirk Wheel.","2026-08-31","","Scottish Canals, Falkirk Wheel | https://www.scottishcanals.co.uk/","false","","READY_FOR_INDEPENDENT_REVIEW","","","","","","","","","",""
"img-exp-clifton-bridge","fnv1a32-ecf15566","IMAGE_REVEAL","Identify this suspension bridge above the Avon Gorge","Clifton Suspension Bridge","clifton suspension bridge","MIXED","RULES_ENGINE","The certified subject is Clifton Suspension Bridge.","2026-08-31","","Clifton Suspension Bridge Trust | https://cliftonbridge.org.uk/","false","","READY_FOR_INDEPENDENT_REVIEW","","","","","","","","","",""
"img-exp-stirling-castle","fnv1a32-1c500d14","IMAGE_REVEAL","Identify this royal fortress above the River Forth","Stirling Castle","stirling castle","MIXED","RULES_ENGINE","The certified subject is Stirling Castle.","2026-08-31","","Historic Environment Scotland | https://www.historicenvironment.scot/","false","","READY_FOR_INDEPENDENT_REVIEW","","","","","","","","","",""
"img-exp-durham-cathedral","fnv1a32-64fd6a3e","IMAGE_REVEAL","Identify this Norman cathedral above a river bend","Durham Cathedral","durham cathedral","MIXED","RULES_ENGINE","The certified subject is Durham Cathedral.","2026-08-31","","Durham Cathedral official history | https://www.durhamcathedral.co.uk/","false","","READY_FOR_INDEPENDENT_REVIEW","","","","","","","","","",""
"img-exp-royal-liver-building","fnv1a32-acb09c69","IMAGE_REVEAL","Identify this waterfront building crowned by two birds","Royal Liver Building","royal liver building","MIXED","RULES_ENGINE","The certified subject is Royal Liver Building.","2026-08-31","","National Museums Liverpool | https://www.liverpoolmuseums.org.uk/","false","","READY_FOR_INDEPENDENT_REVIEW","","","","","","","","","",""
"img-exp-menai-bridge","fnv1a32-e622619a","IMAGE_REVEAL","Identify this suspension bridge linking Anglesey","Menai Suspension Bridge","menai suspension bridge","MIXED","RULES_ENGINE","The certified subject is Menai Suspension Bridge.","2026-08-31","","Cadw, Menai Suspension Bridge | https://cadw.gov.wales/","false","","READY_FOR_INDEPENDENT_REVIEW","","","","","","","","","",""
"img-exp-glastonbury-tor","fnv1a32-03feb90a","IMAGE_REVEAL","Identify this tower-topped Somerset hill","Glastonbury Tor","glastonbury tor","MIXED","RULES_ENGINE","The certified subject is Glastonbury Tor.","2026-08-31","","National Trust, Glastonbury Tor | https://www.nationaltrust.org.uk/","false","","READY_FOR_INDEPENDENT_REVIEW","","","","","","","","","",""
"sts-exp-tudor-last","fnv1a32-73191559","STOP_THE_SCORE","Who was the final Tudor monarch?","Elizabeth I","","MIXED","RULES_ENGINE","Elizabeth I died in 1603 and was succeeded by James VI and I.","2026-08-31","","The Royal Family, Elizabeth I | https://www.royal.uk/","false","","READY_FOR_INDEPENDENT_REVIEW","","","","","","","","","",""
"sts-exp-highest-england","fnv1a32-fb36db70","STOP_THE_SCORE","Which is the highest mountain in England?","Scafell Pike","","MIXED","RULES_ENGINE","Scafell Pike reaches 978 metres.","2026-08-31","","Ordnance Survey, highest mountains in England | https://www.ordnancesurvey.co.uk/","true","2027-02-28","READY_FOR_INDEPENDENT_REVIEW","","","","","","","","","",""
"sts-exp-falkirk-purpose","fnv1a32-bedafcd6","STOP_THE_SCORE","What does the Falkirk Wheel move?","Boats between canals","","MIXED","RULES_ENGINE","The rotating lift transfers boats between the Forth and Clyde and Union canals.","2026-08-31","","Scottish Canals, Falkirk Wheel | https://www.scottishcanals.co.uk/","false","","READY_FOR_INDEPENDENT_REVIEW","","","","","","","","","",""
"sts-exp-bard-birthplace","fnv1a32-b54d35f2","STOP_THE_SCORE","In which town was William Shakespeare born?","Stratford-upon-Avon","","MIXED","RULES_ENGINE","Shakespeare was born in Stratford-upon-Avon in 1564.","2026-08-31","","Shakespeare Birthplace Trust | https://www.shakespeare.org.uk/","false","","READY_FOR_INDEPENDENT_REVIEW","","","","","","","","","",""
"sts-exp-edinburgh-volcano","fnv1a32-81491083","STOP_THE_SCORE","Edinburgh Castle stands on which geological feature?","Castle Rock","","MIXED","RULES_ENGINE","Castle Rock is the plug of an extinct volcano.","2026-08-31","","Historic Environment Scotland | https://www.historicenvironment.scot/","false","","READY_FOR_INDEPENDENT_REVIEW","","","","","","","","","",""
"sts-exp-liver-birds","fnv1a32-b64dd5e2","STOP_THE_SCORE","How many Liver Birds stand on the Royal Liver Building?","Two","","MIXED","RULES_ENGINE","A pair of copper Liver Birds crown the two clock towers.","2026-08-31","","National Museums Liverpool | https://www.liverpoolmuseums.org.uk/","false","","READY_FOR_INDEPENDENT_REVIEW","","","","","","","","","",""
"sts-exp-lovell-location","fnv1a32-d57615c2","STOP_THE_SCORE","Where is the Lovell Telescope?","Jodrell Bank","","MIXED","RULES_ENGINE","The telescope is at Jodrell Bank in Cheshire.","2026-08-31","","Jodrell Bank Centre for Engagement | https://www.jodrellbank.net/","false","","READY_FOR_INDEPENDENT_REVIEW","","","","","","","","","",""
"sts-exp-clifton-designer","fnv1a32-ac98fceb","STOP_THE_SCORE","Which engineer is chiefly associated with Clifton Suspension Bridge?","Isambard Kingdom Brunel","","MIXED","RULES_ENGINE","Brunel won the design competition for the bridge.","2026-08-31","","Clifton Suspension Bridge Trust | https://cliftonbridge.org.uk/","false","","READY_FOR_INDEPENDENT_REVIEW","","","","","","","","","",""
"sts-exp-pavilion-patron","fnv1a32-50f90f3f","STOP_THE_SCORE","Which monarch commissioned Brighton’s Royal Pavilion while Prince Regent?","George IV","","MIXED","RULES_ENGINE","The future George IV transformed the residence into the Royal Pavilion.","2026-08-31","","Royal Pavilion and Museums Trust | https://brightonmuseums.org.uk/","false","","READY_FOR_INDEPENDENT_REVIEW","","","","","","","","","",""
"sts-exp-first-bond","fnv1a32-4fcdeb09","STOP_THE_SCORE","Which film began the official Eon James Bond series?","Dr. No","","MIXED","RULES_ENGINE","Dr. No was released in 1962 as the first Eon Bond film.","2026-08-31","","British Film Institute, Dr. No | https://www.bfi.org.uk/","false","","READY_FOR_INDEPENDENT_REVIEW","","","","","","","","","",""
"misfiled-thames-bridges","fnv1a32-5e64d808","MISFILED_RECORDS","One structure has entered the wrong bridge register. Identify it, then certify what connects the other four.","Tyne Bridge || They cross the River Thames in London","","MIXED","RULES_ENGINE","Tower, Westminster, Millennium and Blackfriars bridges cross the Thames in London. The Tyne Bridge crosses the River Tyne between Newcastle and Gateshead.","2026-08-31","","City Bridge Foundation and Newcastle City Council bridge histories | https://www.citybridgefoundation.org.uk/","false","","READY_FOR_INDEPENDENT_REVIEW","","","","","","","","","",""
"misfiled-prime-ministers","fnv1a32-30dfa1ca","MISFILED_RECORDS","One name does not belong in this senior appointments file. Identify it and the office held by the remaining four.","Aneurin Bevan || They served as Prime Minister","","MIXED","RULES_ENGINE","Attlee, Churchill, Thatcher and Blair served as Prime Minister. Aneurin Bevan was a senior Labour minister but never Prime Minister.","2026-08-31","","GOV.UK, Past Prime Ministers | https://www.gov.uk/ || UK Parliament, Aneurin Bevan biography | https://www.parliament.uk/","false","","READY_FOR_INDEPENDENT_REVIEW","","","","","","","","","",""
"misfiled-dickens","fnv1a32-1a1b8a41","MISFILED_RECORDS","A novel has been filed under the wrong author. Remove it and identify the writer responsible for the remaining volumes.","North and South || They were written by Charles Dickens","","MIXED","RULES_ENGINE","Oliver Twist, Bleak House, Great Expectations and Hard Times are by Charles Dickens. North and South is by Elizabeth Gaskell.","2026-08-31","","British Library author and works catalogues | https://www.bl.uk/","false","","READY_FOR_INDEPENDENT_REVIEW","","","","","","","","","",""
"misfiled-national-parks","fnv1a32-a51a98e7","MISFILED_RECORDS","One landscape has been granted the wrong administrative status. Remove it and identify the designation shared by the others.","Cotswolds || They are English National Parks","","MIXED","RULES_ENGINE","Dartmoor, Exmoor, Peak District and South Downs are National Parks. The Cotswolds is a National Landscape, formerly called an Area of Outstanding Natural Beauty.","2026-08-31","","National Parks UK and Cotswolds National Landscape | https://www.nationalparks.uk/","false","","READY_FOR_INDEPENDENT_REVIEW","","","","","","","","","",""
"misfiled-henry-viii","fnv1a32-d31cd70d","MISFILED_RECORDS","One Tudor has entered the wrong domestic file. Identify the intruder and the relationship shared by the other four.","Mary I || They were wives of Henry VIII","","EXPERT","RULES_ENGINE","Catherine of Aragon, Anne Boleyn, Jane Seymour and Catherine Parr were wives of Henry VIII. Mary I was his daughter.","2026-08-31","","Historic Royal Palaces, Henry VIII and his family | https://www.hrp.org.uk/","false","","READY_FOR_INDEPENDENT_REVIEW","","","","","","","","","",""
"misfiled-beatles-albums","fnv1a32-6e6ddad3","MISFILED_RECORDS","One album has reached the wrong band archive. Remove it and identify the performers responsible for the other four.","Let It Bleed || They are studio albums by The Beatles","","ACCESSIBLE","RULES_ENGINE","Abbey Road, Revolver, Rubber Soul and Help! are Beatles albums. Let It Bleed is by The Rolling Stones.","2026-08-31","","The Beatles official discography and The Rolling Stones official discography | https://www.thebeatles.com/","false","","READY_FOR_INDEPENDENT_REVIEW","","","","","","","","","",""
"misfiled-ancient-universities","fnv1a32-8d2710a1","MISFILED_RECORDS","One institution has entered an older academic register than its charter permits. Identify it and the status shared by the others.","University of Strathclyde || They are Scotland’s ancient universities","","MIXED","RULES_ENGINE","St Andrews, Glasgow, Aberdeen and Edinburgh are Scotland’s four ancient universities. Strathclyde’s origins are later.","2026-08-31","","Universities Scotland, Scotland’s universities | https://www.universities-scotland.ac.uk/member-universities/ || institutional histories","false","","READY_FOR_INDEPENDENT_REVIEW","","","","","","","","","",""
"misfiled-london-lines","fnv1a32-209eb1d3","MISFILED_RECORDS","One railway service has been placed in the wrong network drawer. Identify it and the system containing the other four.","Elizabeth line || They are London Underground lines","","ACCESSIBLE","RULES_ENGINE","Bakerloo, Central, Jubilee and Victoria are London Underground lines. The Elizabeth line is a separate railway service.","2026-08-31","","Transport for London, Tube and rail service classifications | https://tfl.gov.uk/","false","","READY_FOR_INDEPENDENT_REVIEW","","","","","","","","","",""
"misfiled-shakespeare","fnv1a32-91d38e56","MISFILED_RECORDS","One play has been shelved in the wrong dramatic section. Identify it and the genre shared by the remaining works.","The Tempest || They are Shakespeare tragedies","","MIXED","RULES_ENGINE","Hamlet, Macbeth, Othello and King Lear are tragedies. The Tempest is generally classified as a comedy or late romance.","2026-08-31","","Shakespeare Birthplace Trust, plays by genre | https://www.shakespeare.org.uk/","false","","READY_FOR_INDEPENDENT_REVIEW","","","","","","","","","",""
"misfiled-highest-peaks","fnv1a32-b2972824","MISFILED_RECORDS","One summit has entered a record reserved for national high points. Identify it and the distinction shared by the other four.","Cairn Gorm || They are the highest mountains of the four UK nations","","MIXED","RULES_ENGINE","Ben Nevis, Scafell Pike, Yr Wyddfa and Slieve Donard are the highest mountains in Scotland, England, Wales and Northern Ireland respectively. Cairn Gorm is not Scotland’s highest.","2026-08-31","","Ordnance Survey and WalkNI national high-point records | https://www.ordnancesurvey.co.uk/","true","2027-02-28","READY_FOR_INDEPENDENT_REVIEW","","","","","","","","","",""
"misfiled-scottish-islands","fnv1a32-a1e7ee79","MISFILED_RECORDS","One place has entered the wrong island register. Identify it and certify the other four.","Orkney || They are individual Scottish islands","","MIXED","RULES_ENGINE","Skye, Mull, Arran and Islay are individual Scottish islands; Orkney is an archipelago.","2026-08-31","","National Records of Scotland, Scottish island groups | https://www.nrscotland.gov.uk/","true","2027-02-28","READY_FOR_INDEPENDENT_REVIEW","","","","","","","","","",""
"misfiled-cathedral-cities","fnv1a32-cea983d0","MISFILED_RECORDS","One place has entered the wrong cathedral-city register. Identify it and certify the other four.","Warwick || They have medieval cathedrals and city status","","MIXED","RULES_ENGINE","Canterbury, Durham, Salisbury and Ely are cathedral cities; Warwick is a town and its major landmark is Warwick Castle.","2026-08-31","","Church of England cathedral directory and Warwick District Council | https://www.churchofengland.org/","false","","READY_FOR_INDEPENDENT_REVIEW","","","","","","","","","",""
"misfiled-welsh-castles","fnv1a32-01a6cca2","MISFILED_RECORDS","One fortress has entered the wrong Welsh castle register. Identify it and certify the other four.","Bodiam Castle || They form part of Edward I’s castles in Gwynedd","","MIXED","RULES_ENGINE","Caernarfon, Conwy, Harlech and Beaumaris form the Castles and Town Walls of King Edward in Gwynedd World Heritage Site; Bodiam is in Sussex.","2026-08-31","","UNESCO, Castles and Town Walls of King Edward in Gwynedd | https://whc.unesco.org/en/statesparties/gb","false","","READY_FOR_INDEPENDENT_REVIEW","","","","","","","","","",""
"misfiled-northern-authors","fnv1a32-ccfd12e4","MISFILED_RECORDS","One writer has entered the wrong Brontë register. Identify it and certify the other four.","Elizabeth Gaskell || They were children of Patrick Brontë","","MIXED","RULES_ENGINE","Charlotte, Emily, Anne and Branwell were Patrick Brontë’s children; Elizabeth Gaskell was Charlotte’s friend and biographer.","2026-08-31","","Brontë Parsonage Museum, Brontë family history | https://www.bronte.org.uk/","false","","READY_FOR_INDEPENDENT_REVIEW","","","","","","","","","",""
"misfiled-royal-parks","fnv1a32-b7db7798","MISFILED_RECORDS","One green space has entered the wrong Royal Parks register. Identify it and certify the other four.","Hampstead Heath || They are managed by The Royal Parks","","MIXED","RULES_ENGINE","Hyde, Regent’s, Greenwich and Richmond are Royal Parks; Hampstead Heath is managed by the City of London Corporation.","2026-08-31","","The Royal Parks and City of London Corporation | https://www.cityoflondon.gov.uk/","false","","READY_FOR_INDEPENDENT_REVIEW","","","","","","","","","",""
"misfiled-english-national-parks","fnv1a32-cb290113","MISFILED_RECORDS","One landscape has entered the wrong English National Park register. Identify it and certify the other four.","Chilterns || They are English National Parks","","MIXED","RULES_ENGINE","Dartmoor, Exmoor, the Peak District and North York Moors are National Parks; the Chilterns is a National Landscape.","2026-08-31","","National Parks UK and Chilterns National Landscape | https://www.nationalparks.uk/","false","","READY_FOR_INDEPENDENT_REVIEW","","","","","","","","","",""
"misfiled-shakespeare-comedies","fnv1a32-feb07419","MISFILED_RECORDS","One play has entered the wrong Shakespeare comedy register. Identify it and certify the other four.","Macbeth || They are Shakespeare comedies","","MIXED","RULES_ENGINE","The first four are comedies in the Shakespeare canon; Macbeth is a tragedy.","2026-08-31","","Royal Shakespeare Company, Shakespeare plays by genre | https://www.rsc.org.uk/","false","","READY_FOR_INDEPENDENT_REVIEW","","","","","","","","","",""
"misfiled-british-birds","fnv1a32-f7858357","MISFILED_RECORDS","One animal has entered the wrong native-bird register. Identify it and certify the other four.","Red squirrel || They are birds breeding in Britain","","ACCESSIBLE","RULES_ENGINE","Puffins, kingfishers, barn owls and red kites are birds; the red squirrel is a mammal.","2026-08-31","","RSPB species guide and The Wildlife Trusts | https://www.rspb.org.uk/","false","","READY_FOR_INDEPENDENT_REVIEW","","","","","","","","","",""
"misfiled-tube-lines","fnv1a32-427c6b46","MISFILED_RECORDS","One service has entered the wrong London Underground register. Identify it and certify the other four.","Elizabeth line || They are London Underground lines","","ACCESSIBLE","RULES_ENGINE","Victoria, Central, Jubilee and Bakerloo are Underground lines; the Elizabeth line is a separate railway service.","2026-08-31","","Transport for London, Tube and rail maps | https://tfl.gov.uk/","false","","READY_FOR_INDEPENDENT_REVIEW","","","","","","","","","",""
"misfiled-scottish-inventions","fnv1a32-ff134bf4","MISFILED_RECORDS","One device has entered the wrong Scottish-invention register. Identify it and certify the other four.","Hovercraft || They are associated with Scottish inventors","","EXPERT","RULES_ENGINE","Television, telephone, the pneumatic tyre and Macintosh raincoat are associated with Scottish inventors; the hovercraft is associated with Christopher Cockerell.","2026-08-31","","National Museums Scotland and Science Museum Group inventor records | https://www.sciencemuseum.org.uk/","true","2027-02-28","READY_FOR_INDEPENDENT_REVIEW","","","","","","","","","",""
"misfiled-welsh-rugby-grounds","fnv1a32-9d6c5846","MISFILED_RECORDS","One venue has entered the wrong Welsh rugby-ground register. Identify it and certify the other four.","Twickenham || They are rugby venues in Wales","","ACCESSIBLE","RULES_ENGINE","The first four are Welsh rugby venues; Twickenham is in London and is the home of England Rugby.","2026-08-31","","Welsh Rugby Union and England Rugby venue guides | https://www.wru.wales/","false","","READY_FOR_INDEPENDENT_REVIEW","","","","","","","","","",""
"misfiled-jane-austen","fnv1a32-a1e62cd5","MISFILED_RECORDS","One title has entered the wrong Jane Austen register. Identify it and certify the other four.","Middlemarch || They are novels by Jane Austen","","MIXED","RULES_ENGINE","Emma, Persuasion, Mansfield Park and Sense and Sensibility are by Jane Austen; Middlemarch is by George Eliot.","2026-08-31","","Jane Austen’s House and British Library catalogues | https://www.bl.uk/","false","","READY_FOR_INDEPENDENT_REVIEW","","","","","","","","","",""
"misfiled-coastal-paths","fnv1a32-42b8982b","MISFILED_RECORDS","One route has entered the wrong national-trail register. Identify it and certify the other four.","West Highland Way || They are National Trails in England or Wales","","MIXED","RULES_ENGINE","The first four are National Trails in England or Wales; the West Highland Way is a Scottish Great Trail.","2026-08-31","","National Trails UK and NatureScot | https://www.nature.scot/","false","","READY_FOR_INDEPENDENT_REVIEW","","","","","","","","","",""
"misfiled-british-currencies","fnv1a32-6d98c324","MISFILED_RECORDS","One denomination has entered the wrong current Bank of England note register. Identify it and certify the other four.","£100 || They are current Bank of England note denominations","","MIXED","RULES_ENGINE","The Bank of England currently issues £5, £10, £20 and £50 notes, not a £100 note.","2026-08-31","","Bank of England, Current banknotes | https://www.bankofengland.co.uk/","true","2027-02-28","READY_FOR_INDEPENDENT_REVIEW","","","","","","","","","",""
"misfiled-british-seas","fnv1a32-d02e25b9","MISFILED_RECORDS","One body of water has entered the wrong seas-around-Britain register. Identify it and certify the other four.","Baltic Sea || They border the British Isles","","MIXED","RULES_ENGINE","The North, Irish and Celtic Seas and the English Channel border the British Isles; the Baltic does not.","2026-08-31","","UK Hydrographic Office, waters surrounding the British Isles | https://www.admiralty.co.uk/","false","","READY_FOR_INDEPENDENT_REVIEW","","","","","","","","","",""
"redacted-bletchley","fnv1a32-65ffa792","REDACTED_RECORDS","Identify the institution described by the classified file.","Bletchley Park","Station X","MIXED","RULES_ENGINE","Bletchley Park was the principal site of the Government Code and Cypher School and a centre of Allied codebreaking during the Second World War.","2026-08-31","","Bletchley Park Trust, Our Story | https://bletchleypark.org.uk/","false","","READY_FOR_INDEPENDENT_REVIEW","","","","","","","","","",""
"redacted-lovelace","fnv1a32-42a01112","REDACTED_RECORDS","Identify the historical figure described by the classified file.","Ada Lovelace","Augusta Ada King || Countess of Lovelace","EXPERT","RULES_ENGINE","Ada Lovelace’s notes on Charles Babbage’s Analytical Engine included an algorithm and explored the machine’s wider potential.","2026-08-31","","Science Museum, Ada Lovelace and the Analytical Engine | https://www.sciencemuseum.org.uk/","false","","READY_FOR_INDEPENDENT_REVIEW","","","","","","","","","",""
"redacted-great-fire","fnv1a32-3d69bcc7","REDACTED_RECORDS","Identify the event described by the classified file.","The Great Fire of London","Great Fire of London","MIXED","RULES_ENGINE","The Great Fire began in Thomas Farriner’s bakery on Pudding Lane in September 1666 and devastated much of the City of London.","2026-08-31","","London Museum, Great Fire of London | https://www.londonmuseum.org.uk/","false","","READY_FOR_INDEPENDENT_REVIEW","","","","","","","","","",""
"redacted-hadrians-wall","fnv1a32-1f201b7b","REDACTED_RECORDS","Identify the structure described by the classified file.","Hadrian’s Wall","Hadrians Wall","MIXED","RULES_ENGINE","Hadrian’s Wall was begun in AD 122 as a fortified frontier across northern Britain.","2026-08-31","","English Heritage, History of Hadrian’s Wall | https://www.english-heritage.org.uk/","false","","READY_FOR_INDEPENDENT_REVIEW","","","","","","","","","",""
"redacted-shipping-forecast","fnv1a32-f1dbcf05","REDACTED_RECORDS","Identify the broadcast described by the classified file.","The Shipping Forecast","Shipping Forecast","ACCESSIBLE","RULES_ENGINE","The Shipping Forecast is the Met Office forecast for sea areas around the British Isles, broadcast on BBC Radio 4.","2026-08-31","","Met Office, The Shipping Forecast | https://www.metoffice.gov.uk/","false","","READY_FOR_INDEPENDENT_REVIEW","","","","","","","","","",""
"redacted-nhs","fnv1a32-e3ed564f","REDACTED_RECORDS","Identify the institution described by the classified file.","The National Health Service","NHS","MIXED","RULES_ENGINE","The National Health Service launched on 5 July 1948 under Health Minister Aneurin Bevan.","2026-08-31","","NHS, The history of the NHS | https://www.nhs.uk/","false","","READY_FOR_INDEPENDENT_REVIEW","","","","","","","","","",""
"redacted-concorde","fnv1a32-80c3cffd","REDACTED_RECORDS","Identify the machine described by the classified file.","Concorde","Aerospatiale BAC Concorde","EXPERT","RULES_ENGINE","Concorde was the Anglo-French supersonic passenger airliner that entered commercial service in 1976.","2026-08-31","","Science Museum Group, Concorde collection | https://www.sciencemuseum.org.uk/","false","","READY_FOR_INDEPENDENT_REVIEW","","","","","","","","","",""
"redacted-bayeux","fnv1a32-07b013a4","REDACTED_RECORDS","Identify the artefact described by the classified file.","The Bayeux Tapestry","Bayeux Tapestry","MIXED","RULES_ENGINE","The Bayeux Tapestry is an embroidered account of the events leading to the Norman Conquest of England.","2026-08-31","","Bayeux Museum, The Bayeux Tapestry | https://www.bayeuxmuseum.com/en/","false","","READY_FOR_INDEPENDENT_REVIEW","","","","","","","","","",""
"redacted-glastonbury","fnv1a32-4a8bf480","REDACTED_RECORDS","Identify the event described by the classified file.","Glastonbury Festival","Glastonbury","MIXED","RULES_ENGINE","Glastonbury Festival began at Worthy Farm in Pilton in 1970 and grew into a major music and performing arts festival.","2026-08-31","","Glastonbury Festival, History | https://www.glastonburyfestivals.co.uk/","false","","READY_FOR_INDEPENDENT_REVIEW","","","","","","","","","",""
"redacted-magna-carta","fnv1a32-432041f6","REDACTED_RECORDS","Identify the document described by the classified file.","Magna Carta","Magna Charta","EXPERT","RULES_ENGINE","Magna Carta was sealed by King John at Runnymede in June 1215 and later became an enduring constitutional symbol.","2026-08-31","","British Library, Magna Carta | https://www.bl.uk/","false","","READY_FOR_INDEPENDENT_REVIEW","","","","","","","","","",""
"redacted-sutton-hoo","fnv1a32-f62188c1","REDACTED_RECORDS","Identify the discovery described by the classified file.","Sutton Hoo","Sutton Hoo burial","EXPERT","RULES_ENGINE","The Sutton Hoo ship burial revealed exceptional early seventh-century Anglo-Saxon objects.","2026-08-31","","British Museum, Sutton Hoo ship burial | https://www.britishmuseum.org/","false","","READY_FOR_INDEPENDENT_REVIEW","","","","","","","","","",""
"redacted-jodrell-bank","fnv1a32-8a50b0ec","REDACTED_RECORDS","Identify the observatory described by the classified file.","Jodrell Bank","Jodrell Bank Observatory","MIXED","RULES_ENGINE","Jodrell Bank Observatory is home to the Lovell Telescope and is a UNESCO World Heritage Site.","2026-08-31","","Jodrell Bank Centre for Astrophysics, History | https://www.jodrellbank.net/","false","","READY_FOR_INDEPENDENT_REVIEW","","","","","","","","","",""
"redacted-tolpuddle","fnv1a32-a3e8d2ce","REDACTED_RECORDS","Identify the group described by the classified file.","The Tolpuddle Martyrs","Tolpuddle Martyrs","MIXED","RULES_ENGINE","The Tolpuddle Martyrs were transported for administering an unlawful oath while organising a trade union.","2026-08-31","","TUC, Tolpuddle Martyrs history | https://www.tuc.org.uk/","false","","READY_FOR_INDEPENDENT_REVIEW","","","","","","","","","",""
"redacted-kelpies","fnv1a32-fa0599a4","REDACTED_RECORDS","Identify the artwork described by the classified file.","The Kelpies","Kelpies","MIXED","RULES_ENGINE","The Kelpies are two 30-metre horse-head sculptures beside the Forth and Clyde Canal.","2026-08-31","","Scottish Canals, The Kelpies | https://www.scottishcanals.co.uk/","false","","READY_FOR_INDEPENDENT_REVIEW","","","","","","","","","",""
"redacted-windrush","fnv1a32-ba7a8a2d","REDACTED_RECORDS","Identify the ship described by the classified file.","HMT Empire Windrush","Empire Windrush || Windrush","MIXED","RULES_ENGINE","Empire Windrush arrived at Tilbury in 1948 carrying passengers from the Caribbean.","2026-08-31","","The National Archives, Empire Windrush passenger records | https://www.nationalarchives.gov.uk/","true","2027-02-28","READY_FOR_INDEPENDENT_REVIEW","","","","","","","","","",""
"redacted-forth-bridge","fnv1a32-5e00d48a","REDACTED_RECORDS","Identify the structure described by the classified file.","The Forth Bridge","Forth Railway Bridge","EXPERT","RULES_ENGINE","The Forth Bridge is the great cantilever railway bridge across the Firth of Forth.","2026-08-31","","Forth Bridges, History of the Forth Bridge | https://www.theforthbridges.org/","false","","READY_FOR_INDEPENDENT_REVIEW","","","","","","","","","",""
"redacted-penicillin","fnv1a32-7cfa8d51","REDACTED_RECORDS","Identify the discovery described by the classified file.","Penicillin","Penicillin discovery","EXPERT","RULES_ENGINE","Fleming observed the antibacterial effect of Penicillium mould, leading to penicillin.","2026-08-31","","Science Museum, Fleming and penicillin | https://www.sciencemuseum.org.uk/","false","","READY_FOR_INDEPENDENT_REVIEW","","","","","","","","","",""
"redacted-cardiff-giant-coal","fnv1a32-8e90165e","REDACTED_RECORDS","Identify the industry described by the classified file.","South Wales coalfield","Welsh coal industry || South Wales coal industry","MIXED","RULES_ENGINE","The South Wales coalfield drove industrial growth and Cardiff’s development as a coal-exporting port.","2026-08-31","","Amgueddfa Cymru, Welsh coal mining history | https://museum.wales/","false","","READY_FOR_INDEPENDENT_REVIEW","","","","","","","","","",""
"redacted-open-university","fnv1a32-8ca8eeb4","REDACTED_RECORDS","Identify the institution described by the classified file.","The Open University","Open University || OU","MIXED","RULES_ENGINE","The Open University was established to provide supported distance higher education.","2026-08-31","","The Open University, History of the OU | https://www.open.ac.uk/","false","","READY_FOR_INDEPENDENT_REVIEW","","","","","","","","","",""
"redacted-liverpool-liver-birds","fnv1a32-d4b369bd","REDACTED_RECORDS","Identify the building described by the classified file.","The Royal Liver Building","Royal Liver Building || Liver Building","EXPERT","RULES_ENGINE","The Royal Liver Building opened in 1911 and is crowned by two Liver Birds.","2026-08-31","","National Museums Liverpool, Royal Liver Building | https://www.liverpoolmuseums.org.uk/","false","","READY_FOR_INDEPENDENT_REVIEW","","","","","","","","","",""
"redacted-battle-culloden","fnv1a32-5b757e74","REDACTED_RECORDS","Identify the battle described by the classified file.","The Battle of Culloden","Culloden","MIXED","RULES_ENGINE","Culloden ended the Jacobite rising of 1745 in a decisive government victory.","2026-08-31","","National Trust for Scotland, Culloden history | https://www.nationaltrust.org.uk/","false","","READY_FOR_INDEPENDENT_REVIEW","","","","","","","","","",""
"redacted-dna-double-helix","fnv1a32-89fa0af5","REDACTED_RECORDS","Identify the scientific structure described by the classified file.","The DNA double helix","DNA || Double helix","EXPERT","RULES_ENGINE","The double-helical structure of DNA was described in 1953 using evidence including Franklin’s X-ray work.","2026-08-31","","King’s College London, DNA and the double helix | https://www.kcl.ac.uk/","false","","READY_FOR_INDEPENDENT_REVIEW","","","","","","","","","",""
"redacted-festival-britain","fnv1a32-de96f35e","REDACTED_RECORDS","Identify the event described by the classified file.","The Festival of Britain","Festival of Britain 1951","MIXED","RULES_ENGINE","The Festival of Britain was a 1951 national celebration centred on London’s South Bank.","2026-08-31","","V&A, Festival of Britain collections | https://www.vam.ac.uk/","false","","READY_FOR_INDEPENDENT_REVIEW","","","","","","","","","",""
"redacted-lifeboat-institution","fnv1a32-7921a293","REDACTED_RECORDS","Identify the organisation described by the classified file.","The RNLI","Royal National Lifeboat Institution || RNLI","MIXED","RULES_ENGINE","The Royal National Lifeboat Institution is the charity providing lifeboat rescue services around Britain and Ireland.","2026-08-31","","RNLI, Our history | https://rnli.org/","false","","READY_FOR_INDEPENDENT_REVIEW","","","","","","","","","",""
"redacted-british-library","fnv1a32-a5bdb5af","REDACTED_RECORDS","Identify the institution described by the classified file.","The British Library","British Library","MIXED","RULES_ENGINE","The British Library is the UK national library, with its principal London building at St Pancras.","2026-08-31","","British Library, About us | https://www.bl.uk/","false","","READY_FOR_INDEPENDENT_REVIEW","","","","","","","","","",""
"common-victoria","fnv1a32-9364f765","COMMON_DOSSIER","Determine the common connection between these four exhibits.","Named after Queen Victoria","Queen Victoria namesakes","MIXED","RULES_ENGINE","Each exhibit carries Queen Victoria’s name, directly or through the Victorian tradition associated with her reign.","2026-08-31","","Royal Collection Trust and Transport for London historical records | https://tfl.gov.uk/","true","2027-02-28","READY_FOR_INDEPENDENT_REVIEW","","","","","","","","","",""
"common-beatles","fnv1a32-7bb1dc51","COMMON_DOSSIER","Determine the common connection between these four exhibits.","Songs by the Beatles","Beatles songs || The Beatles songs","ACCESSIBLE","RULES_ENGINE","Penny Lane, Blackbird, Eleanor Rigby and Yellow Submarine were all recorded and released by the Beatles.","2026-08-31","","The Beatles official song catalogue | https://www.thebeatles.com/","false","","READY_FOR_INDEPENDENT_REVIEW","","","","","","","","","",""
"common-panel-shows","fnv1a32-7207f6f2","COMMON_DOSSIER","Determine the common connection between these four exhibits.","BBC panel shows","British panel shows","ACCESSIBLE","RULES_ENGINE","All four are long-running BBC comedy or quiz panel programmes.","2026-08-31","","BBC programme archive | https://www.bbc.co.uk/historyofthebbc/","false","","READY_FOR_INDEPENDENT_REVIEW","","","","","","","","","",""
"common-sherlock","fnv1a32-070bf968","COMMON_DOSSIER","Determine the common connection between these four exhibits.","Sherlock Holmes","Associated with Sherlock Holmes","MIXED","RULES_ENGINE","The address, instrument, companion and novel are all closely associated with Arthur Conan Doyle’s detective Sherlock Holmes.","2026-08-31","","The Arthur Conan Doyle Encyclopedia | https://www.arthur-conan-doyle.com/index.php?lang=en&title=Main_Page","false","","READY_FOR_INDEPENDENT_REVIEW","","","","","","","","","",""
"common-macbeth","fnv1a32-39d695b3","COMMON_DOSSIER","Determine the common connection between these four exhibits.","Macbeth","Shakespeare's Macbeth","MIXED","RULES_ENGINE","All four are places or characters central to Shakespeare’s tragedy Macbeth.","2026-08-31","","Royal Shakespeare Company, Macbeth synopsis | https://www.rsc.org.uk/","false","","READY_FOR_INDEPENDENT_REVIEW","","","","","","","","","",""
"common-world-heritage","fnv1a32-1a438778","COMMON_DOSSIER","Determine the common connection between these four exhibits.","UK UNESCO World Heritage Sites","British World Heritage Sites || UNESCO World Heritage Sites","MIXED","RULES_ENGINE","Each location forms part of a UNESCO World Heritage Site in the United Kingdom.","2026-08-31","","UNESCO World Heritage List, United Kingdom | https://whc.unesco.org/en/statesparties/gb","false","","READY_FOR_INDEPENDENT_REVIEW","","","","","","","","","",""
"common-cricket","fnv1a32-e94520b8","COMMON_DOSSIER","Determine the common connection between these four exhibits.","Cricket terms","Terms used in cricket","ACCESSIBLE","RULES_ENGINE","Each phrase has a specific established meaning in the game of cricket.","2026-08-31","","Marylebone Cricket Club, Laws and cricket terminology | https://www.lords.org/mcc/","false","","READY_FOR_INDEPENDENT_REVIEW","","","","","","","","","",""
"common-tube","fnv1a32-eca43cf6","COMMON_DOSSIER","Determine the common connection between these four exhibits.","London Underground lines","Tube lines || London Tube lines","ACCESSIBLE","RULES_ENGINE","Bakerloo, Piccadilly, Jubilee and Metropolitan are all named lines on the London Underground.","2026-08-31","","Transport for London, Tube map | https://tfl.gov.uk/","false","","READY_FOR_INDEPENDENT_REVIEW","","","","","","","","","",""
"common-currency","fnv1a32-2441a7bc","COMMON_DOSSIER","Determine the common connection between these four exhibits.","People depicted on Bank of England notes","Bank of England banknote figures || People on British banknotes","MIXED","RULES_ENGINE","These four people appear on the reverse of the Bank of England’s current polymer note series.","2026-08-31","","Bank of England, current banknotes | https://www.bankofengland.co.uk/","true","2027-02-28","READY_FOR_INDEPENDENT_REVIEW","","","","","","","","","",""
"common-national-parks","fnv1a32-f1aaa462","COMMON_DOSSIER","Determine the common connection between these four exhibits.","UK National Parks","British National Parks || National Parks in the UK","MIXED","RULES_ENGINE","The Cairngorms, Eryri, the Broads and the South Downs are designated National Parks in the United Kingdom.","2026-08-31","","National Parks UK | https://www.nationalparks.uk/","false","","READY_FOR_INDEPENDENT_REVIEW","","","","","","","","","",""
"common-bond","fnv1a32-b967bbac","COMMON_DOSSIER","Determine the common connection between these four exhibits.","James Bond","Associated with James Bond || 007","MIXED","RULES_ENGINE","The car, officials, fictional branch and title are all associated with James Bond.","2026-08-31","","007 official film archive | https://www.007.com/","false","","READY_FOR_INDEPENDENT_REVIEW","","","","","","","","","",""
"common-burns","fnv1a32-6cd088ab","COMMON_DOSSIER","Determine the common connection between these four exhibits.","Robert Burns","Associated with Robert Burns || Burns Night","MIXED","RULES_ENGINE","The works and birthday date are associated with Scotland’s national poet Robert Burns.","2026-08-31","","National Trust for Scotland, Robert Burns Birthplace Museum | https://www.nationaltrust.org.uk/","false","","READY_FOR_INDEPENDENT_REVIEW","","","","","","","","","",""
"common-doctor-who","fnv1a32-d3e6f733","COMMON_DOSSIER","Determine the common connection between these four exhibits.","Doctor Who","Associated with Doctor Who","ACCESSIBLE","RULES_ENGINE","All four are central elements of the BBC science-fiction series Doctor Who.","2026-08-31","","BBC Doctor Who programme archive | https://www.bbc.co.uk/historyofthebbc/","false","","READY_FOR_INDEPENDENT_REVIEW","","","","","","","","","",""
"common-liverpool","fnv1a32-959c37af","COMMON_DOSSIER","Determine the common connection between these four exhibits.","Liverpool","Associated with Liverpool","ACCESSIBLE","RULES_ENGINE","These landmarks and cultural references are associated with Liverpool.","2026-08-31","","National Museums Liverpool and Liverpool City Council | https://www.liverpoolmuseums.org.uk/","false","","READY_FOR_INDEPENDENT_REVIEW","","","","","","","","","",""
"common-edinburgh","fnv1a32-d2a08700","COMMON_DOSSIER","Determine the common connection between these four exhibits.","Edinburgh","Associated with Edinburgh","ACCESSIBLE","RULES_ENGINE","All four are major places or traditions associated with Edinburgh.","2026-08-31","","City of Edinburgh Council and Historic Environment Scotland | https://www.historicenvironment.scot/","false","","READY_FOR_INDEPENDENT_REVIEW","","","","","","","","","",""
"common-british-owls","fnv1a32-7c006543","COMMON_DOSSIER","Determine the common connection between these four exhibits.","Owls found in Britain","British owls || UK owl species","ACCESSIBLE","RULES_ENGINE","All four owl species can be found in Britain.","2026-08-31","","RSPB, UK owl species | https://www.rspb.org.uk/","false","","READY_FOR_INDEPENDENT_REVIEW","","","","","","","","","",""
"common-dickens","fnv1a32-bfdbf443","COMMON_DOSSIER","Determine the common connection between these four exhibits.","Novels by Charles Dickens","Charles Dickens novels || Dickens novels","MIXED","RULES_ENGINE","All four titles are novels by Charles Dickens.","2026-08-31","","Charles Dickens Museum, works of Dickens | https://dickensmuseum.com/","false","","READY_FOR_INDEPENDENT_REVIEW","","","","","","","","","",""
"common-seven-severn","fnv1a32-27563401","COMMON_DOSSIER","Determine the common connection between these four exhibits.","Places on the River Severn","River Severn places || Places beside the Severn","MIXED","RULES_ENGINE","All four places stand beside the River Severn.","2026-08-31","","Canal & River Trust, River Severn | https://canalrivertrust.org.uk/","false","","READY_FOR_INDEPENDENT_REVIEW","","","","","","","","","",""
"common-wren","fnv1a32-d4881734","COMMON_DOSSIER","Determine the common connection between these four exhibits.","Buildings by Christopher Wren","Christopher Wren buildings || Designed by Christopher Wren","EXPERT","RULES_ENGINE","Christopher Wren designed or led the design of all four buildings.","2026-08-31","","St Paul’s Cathedral and Royal Museums Greenwich histories | https://www.rmg.co.uk/","false","","READY_FOR_INDEPENDENT_REVIEW","","","","","","","","","",""
"common-commonwealth-games","fnv1a32-80b578d9","COMMON_DOSSIER","Determine the common connection between these four exhibits.","UK hosts of the Commonwealth Games","British Commonwealth Games hosts || Commonwealth Games host cities","ACCESSIBLE","RULES_ENGINE","Each city has hosted the Commonwealth Games.","2026-08-31","","Commonwealth Sport, Games history | https://www.commonwealthsport.com/","false","","READY_FOR_INDEPENDENT_REVIEW","","","","","","","","","",""
"common-radio4","fnv1a32-1681a2c1","COMMON_DOSSIER","Determine the common connection between these four exhibits.","BBC Radio 4 programmes","Radio 4 programmes || BBC Radio Four shows","ACCESSIBLE","RULES_ENGINE","All four are long-running programmes broadcast by BBC Radio 4.","2026-08-31","","BBC programme archive | https://www.bbc.co.uk/historyofthebbc/","false","","READY_FOR_INDEPENDENT_REVIEW","","","","","","","","","",""
"common-lakes","fnv1a32-c8ab32c5","COMMON_DOSSIER","Determine the common connection between these four exhibits.","Lakes in the Lake District","Lake District lakes || Lakes of Cumbria","MIXED","RULES_ENGINE","All four bodies of water lie within the Lake District.","2026-08-31","","Lake District National Park, lakes and valleys | https://www.lakedistrict.gov.uk/","false","","READY_FOR_INDEPENDENT_REVIEW","","","","","","","","","",""
"common-tudor-portraits","fnv1a32-4b07135c","COMMON_DOSSIER","Determine the common connection between these four exhibits.","Paintings by Hans Holbein the Younger","Hans Holbein portraits || Works by Holbein","MIXED","RULES_ENGINE","Holbein painted the three Tudor figures and The Ambassadors.","2026-08-31","","National Gallery and Royal Collection Trust, Holbein collections | https://www.royal.uk/","false","","READY_FOR_INDEPENDENT_REVIEW","","","","","","","","","",""
"common-welsh-symbols","fnv1a32-879fe0ba","COMMON_DOSSIER","Determine the common connection between these four exhibits.","National symbols of Wales","Welsh national symbols || Symbols of Wales","ACCESSIBLE","RULES_ENGINE","The dragon, daffodil, leek and harp are widely recognised Welsh national symbols.","2026-08-31","","Welsh Government, Wales and its symbols | https://www.gov.wales/","false","","READY_FOR_INDEPENDENT_REVIEW","","","","","","","","","",""
"common-industrial-museums","fnv1a32-3eee34a6","COMMON_DOSSIER","Determine the common connection between these four exhibits.","Science Museum Group museums","Museums in the Science Museum Group || SMG museums","MIXED","RULES_ENGINE","All four institutions form part of the Science Museum Group.","2026-08-31","","Science Museum Group, Our museums | https://www.sciencemuseum.org.uk/","false","","READY_FOR_INDEPENDENT_REVIEW","","","","","","","","","",""
"minutes-monarchs","fnv1a32-1e732787","MISSING_MINUTES","Study the factual briefing. One verified fact will later disappear.","Victoria acceded in 1837","","EXPERT","RULES_ENGINE","The removed fact recorded Victoria’s accession in 1837.","2026-08-31","","Royal Family, Kings and Queens timeline | https://www.royal.uk/","false","","READY_FOR_INDEPENDENT_REVIEW","","","","","","","","","",""
"minutes-landmarks","fnv1a32-0010fe7f","MISSING_MINUTES","Study the factual briefing. One verified fact will later disappear.","The Giant’s Causeway is in County Antrim","","MIXED","RULES_ENGINE","The removed fact placed the Giant’s Causeway in County Antrim.","2026-08-31","","English Heritage, National Trust and official landmark histories | https://www.english-heritage.org.uk/","false","","READY_FOR_INDEPENDENT_REVIEW","","","","","","","","","",""
"minutes-science","fnv1a32-064467bd","MISSING_MINUTES","Study the factual briefing. One verified fact will later disappear.","Lovelace wrote notes on the Analytical Engine","","EXPERT","RULES_ENGINE","The removed fact concerned Ada Lovelace’s notes on the Analytical Engine.","2026-08-31","","Royal Society, Science Museum and CERN histories | https://www.sciencemuseum.org.uk/","false","","READY_FOR_INDEPENDENT_REVIEW","","","","","","","","","",""
"minutes-literature","fnv1a32-18921e85","MISSING_MINUTES","Study the factual briefing. One verified fact will later disappear.","Conan Doyle created Sherlock Holmes","","MIXED","RULES_ENGINE","The removed fact identified Arthur Conan Doyle as the creator of Sherlock Holmes.","2026-08-31","","British Library and author-estate catalogues | https://www.bl.uk/","false","","READY_FOR_INDEPENDENT_REVIEW","","","","","","","","","",""
"minutes-geography","fnv1a32-47bfe52f","MISSING_MINUTES","Study the factual briefing. One verified fact will later disappear.","The Severn is the UK’s longest river","","MIXED","RULES_ENGINE","The removed fact identified the Severn as the longest river in the United Kingdom.","2026-08-31","","Ordnance Survey and national park records | https://www.ordnancesurvey.co.uk/","true","2027-02-28","READY_FOR_INDEPENDENT_REVIEW","","","","","","","","","",""
"minutes-sport","fnv1a32-f016be07","MISSING_MINUTES","Study the factual briefing. One verified fact will later disappear.","Wimbledon is played on grass","","ACCESSIBLE","RULES_ENGINE","The removed fact stated that Wimbledon is played on grass.","2026-08-31","","Wimbledon, The Grounds | https://www.wimbledon.com/ || World Athletics, Combined events | https://worldathletics.org/ || Football Association, FA Cup | https://www.thefa.com/ || Henley Royal Regatta, History | https://www.hrr.co.uk/ || World Snooker Tour, Crucible | https://www.wst.tv/ || The Open Championship, history | https://www.theopen.com/","false","","READY_FOR_INDEPENDENT_REVIEW","","","","","","","","","",""
"minutes-transport","fnv1a32-0c519270","MISSING_MINUTES","Study the factual briefing. One verified fact will later disappear.","The Elizabeth line opened in 2022","","ACCESSIBLE","RULES_ENGINE","The removed fact recorded the Elizabeth line’s opening in 2022.","2026-08-31","","National Railway Museum, TfL, Heathrow, Getlink and Forth Bridges | https://tfl.gov.uk/","false","","READY_FOR_INDEPENDENT_REVIEW","","","","","","","","","",""
"minutes-arts","fnv1a32-4e6af71e","MISSING_MINUTES","Study the factual briefing. One verified fact will later disappear.","The Beatles formed in Liverpool","","MIXED","RULES_ENGINE","The removed fact placed the formation of the Beatles in Liverpool.","2026-08-31","","National Gallery, music archives, Gateshead Council, Tate and National Museums Liverpool | https://www.nationalgallery.org.uk/","false","","READY_FOR_INDEPENDENT_REVIEW","","","","","","","","","",""
"minutes-civic","fnv1a32-e443bb66","MISSING_MINUTES","Study the factual briefing. One verified fact will later disappear.","The Lords is Parliament’s second chamber","","MIXED","RULES_ENGINE","The removed fact identified the House of Lords as Parliament’s second chamber.","2026-08-31","","UK Parliament, UK Supreme Court and GOV.UK | https://www.parliament.uk/","false","","READY_FOR_INDEPENDENT_REVIEW","","","","","","","","","",""
"minutes-customs","fnv1a32-56419d9e","MISSING_MINUTES","Study the factual briefing. One verified fact will later disappear.","Hogmanay marks the Scottish New Year","","ACCESSIBLE","RULES_ENGINE","The removed fact identified Hogmanay as Scotland’s New Year celebration.","2026-08-31","","Regional tourism, local history and GOV.UK protected-food records | https://www.gov.uk/","true","2027-02-28","READY_FOR_INDEPENDENT_REVIEW","","","","","","","","","",""
"minutes-women-pioneers","fnv1a32-e08da681","MISSING_MINUTES","Study the factual briefing. One verified fact will later disappear.","Amy Johnson flew solo to Australia","","MIXED","RULES_ENGINE","The removed fact recorded Amy Johnson’s 1930 solo flight from England to Australia.","2026-08-31","","Science Museum and National Portrait Gallery biographies | https://www.sciencemuseum.org.uk/","false","","READY_FOR_INDEPENDENT_REVIEW","","","","","","","","","",""
"minutes-scottish-cities","fnv1a32-0d3d8b94","MISSING_MINUTES","Study the factual briefing. One verified fact will later disappear.","Aberdeen is called the Granite City","","ACCESSIBLE","RULES_ENGINE","The removed fact identified Aberdeen’s familiar nickname, the Granite City.","2026-08-31","","VisitScotland city guides | https://www.visitscotland.com/","false","","READY_FOR_INDEPENDENT_REVIEW","","","","","","","","","",""
"minutes-parliament","fnv1a32-6e4d1c15","MISSING_MINUTES","Study the factual briefing. One verified fact will later disappear.","Hansard is the edited official report of debates","","MIXED","RULES_ENGINE","The removed fact described Hansard, Parliament’s official edited report of proceedings.","2026-08-31","","UK Parliament, How Parliament works | https://www.parliament.uk/","false","","READY_FOR_INDEPENDENT_REVIEW","","","","","","","","","",""
"minutes-weather","fnv1a32-560d0183","MISSING_MINUTES","Study the factual briefing. One verified fact will later disappear.","The Beaufort scale describes wind force","","MIXED","RULES_ENGINE","The removed fact stated that the Beaufort scale classifies wind force.","2026-08-31","","Met Office, Weather and climate guides | https://www.metoffice.gov.uk/","false","","READY_FOR_INDEPENDENT_REVIEW","","","","","","","","","",""
"minutes-roman-britain","fnv1a32-8c4f1c02","MISSING_MINUTES","Study the factual briefing. One verified fact will later disappear.","Bath was known as Aquae Sulis","","EXPERT","RULES_ENGINE","The removed fact gave the Roman name of Bath: Aquae Sulis.","2026-08-31","","English Heritage and Roman Baths Museum | https://www.english-heritage.org.uk/","false","","READY_FOR_INDEPENDENT_REVIEW","","","","","","","","","",""
"minutes-railways","fnv1a32-ee9ff9ae","MISSING_MINUTES","Study the factual briefing. One verified fact will later disappear.","Mallard set a steam speed record","","MIXED","RULES_ENGINE","The removed fact concerned Mallard’s 1938 world speed record for a steam locomotive.","2026-08-31","","National Railway Museum, collection stories | https://www.railwaymuseum.org.uk/","false","","READY_FOR_INDEPENDENT_REVIEW","","","","","","","","","",""
"minutes-art-galleries","fnv1a32-25b3468d","MISSING_MINUTES","Study the factual briefing. One verified fact will later disappear.","The Burrell Collection is in Glasgow","","MIXED","RULES_ENGINE","The removed fact placed the Burrell Collection in Glasgow.","2026-08-31","","National Gallery, visitor information | https://www.nationalgallery.org.uk/ || Tate, gallery information | https://www.tate.org.uk/ || Wallace Collection, visitor information | https://www.wallacecollection.org/ || Riverside Museum and Glasgow Life, Burrell Collection | https://www.glasgowlife.org.uk/museums/venues/riverside-museum/ || National Museums Liverpool, Walker Art Gallery | https://www.liverpoolmuseums.org.uk/","true","2027-02-28","READY_FOR_INDEPENDENT_REVIEW","","","","","","","","","",""
"minutes-food","fnv1a32-c3dfb82a","MISSING_MINUTES","Study the factual briefing. One verified fact will later disappear.","Arbroath smokies are smoked haddock","","ACCESSIBLE","RULES_ENGINE","The removed fact described Arbroath smokies as traditionally smoked haddock.","2026-08-31","","GOV.UK protected food names and regional tourism guides | https://www.gov.uk/","false","","READY_FOR_INDEPENDENT_REVIEW","","","","","","","","","",""
"minutes-space","fnv1a32-09aaa0f2","MISSING_MINUTES","Study the factual briefing. One verified fact will later disappear.","Helen Sharman became the first British astronaut","","MIXED","RULES_ENGINE","The removed fact recorded Helen Sharman’s 1991 mission as the first British astronaut.","2026-08-31","","UK Space Agency and Science Museum biographies | https://www.sciencemuseum.org.uk/","false","","READY_FOR_INDEPENDENT_REVIEW","","","","","","","","","",""
"minutes-islands","fnv1a32-ecd8c3d9","MISSING_MINUTES","Study the factual briefing. One verified fact will later disappear.","The Isle of Man is a Crown Dependency","","MIXED","RULES_ENGINE","The removed fact identified the Isle of Man as a self-governing Crown Dependency.","2026-08-31","","Isle of Man Government and Ordnance Survey | https://www.ordnancesurvey.co.uk/","false","","READY_FOR_INDEPENDENT_REVIEW","","","","","","","","","",""
"minutes-civil-rights","fnv1a32-ad914bad","MISSING_MINUTES","Study the factual briefing. One verified fact will later disappear.","The Race Relations Act was passed in 1965","","MIXED","RULES_ENGINE","The removed fact recorded the first Race Relations Act in 1965.","2026-08-31","","UK Parliament, Living Heritage | https://www.parliament.uk/","false","","READY_FOR_INDEPENDENT_REVIEW","","","","","","","","","",""
"minutes-seaside","fnv1a32-c2cfd95e","MISSING_MINUTES","Study the factual briefing. One verified fact will later disappear.","Portrush is in County Antrim","","ACCESSIBLE","RULES_ENGINE","The removed fact placed Portrush on the County Antrim coast.","2026-08-31","","Blackpool Tower official history | https://www.theblackpooltower.com/ || Royal Pavilion and Museums Trust | https://brightonmuseums.org.uk/ || Visit Wales, Llandudno | https://www.visitwales.com/ || Scarborough Council | https://www.northyorks.gov.uk/ || Bournemouth Council | https://www.bcpcouncil.gov.uk/ || Causeway Coast and Glens Council, Portrush | https://www.causewaycoastandglens.gov.uk/","false","","READY_FOR_INDEPENDENT_REVIEW","","","","","","","","","",""
"minutes-classical-music","fnv1a32-94e47141","MISSING_MINUTES","Study the factual briefing. One verified fact will later disappear.","Britten composed Peter Grimes","","ACCESSIBLE","RULES_ENGINE","The removed fact attributed the opera Peter Grimes to Benjamin Britten.","2026-08-31","","BBC Music and composer-estate catalogues | https://www.bbc.co.uk/historyofthebbc/","false","","READY_FOR_INDEPENDENT_REVIEW","","","","","","","","","",""
"minutes-northern-ireland","fnv1a32-ee4a2f73","MISSING_MINUTES","Study the factual briefing. One verified fact will later disappear.","The Mourne Mountains are in County Down","","ACCESSIBLE","RULES_ENGINE","The removed fact located the Mourne Mountains in County Down.","2026-08-31","","Discover Northern Ireland and Ordnance Survey Northern Ireland | https://www.ordnancesurvey.co.uk/","false","","READY_FOR_INDEPENDENT_REVIEW","","","","","","","","","",""
"minutes-newspapers","fnv1a32-db48f1b4","MISSING_MINUTES","Study the factual briefing. One verified fact will later disappear.","The Guardian began in Manchester","","MIXED","RULES_ENGINE","The removed fact recorded the Guardian’s origins as the Manchester Guardian.","2026-08-31","","Official newspaper histories and British Library news collections | https://www.bl.uk/","false","","READY_FOR_INDEPENDENT_REVIEW","","","","","","","","","",""
"enquiry-big-ben","fnv1a32-a2f80d60","PUBLIC_ENQUIRY","Hear the claim and record how strongly you believe it.","False","","EXPERT","RULES_ENGINE","Big Ben is the nickname commonly used for the Great Bell. The tower was renamed Elizabeth Tower in 2012.","2026-08-31","","UK Parliament, Big Ben | https://www.parliament.uk/","true","2027-02-28","READY_FOR_INDEPENDENT_REVIEW","","","","","","","","","",""
"enquiry-rum","fnv1a32-7402de72","PUBLIC_ENQUIRY","Hear the claim and record how strongly you believe it.","True","","MIXED","RULES_ENGINE","The Royal Navy ended its daily rum ration on 31 July 1970, known as Black Tot Day.","2026-08-31","","Royal Museums Greenwich, The history of the rum ration | https://www.rmg.co.uk/","true","2027-02-28","READY_FOR_INDEPENDENT_REVIEW","","","","","","","","","",""
"enquiry-decimal","fnv1a32-0548f6cf","PUBLIC_ENQUIRY","Hear the claim and record how strongly you believe it.","True","","MIXED","RULES_ENGINE","The United Kingdom changed to decimal currency on 15 February 1971.","2026-08-31","","The Royal Mint Museum, Decimalisation | https://www.royalmintmuseum.org.uk/","true","2027-02-28","READY_FOR_INDEPENDENT_REVIEW","","","","","","","","","",""
"enquiry-crown","fnv1a32-a21305f7","PUBLIC_ENQUIRY","Hear the claim and record how strongly you believe it.","False","","MIXED","RULES_ENGINE","St Edward’s Crown weighs approximately 2.23 kilograms, substantially more than one kilogram.","2026-08-31","","Royal Collection Trust, St Edward’s Crown | https://www.royal.uk/","true","2027-02-28","READY_FOR_INDEPENDENT_REVIEW","","","","","","","","","",""
"enquiry-palace","fnv1a32-034fe1f3","PUBLIC_ENQUIRY","Hear the claim and record how strongly you believe it.","False","","MIXED","RULES_ENGINE","The Palace of Westminster contains more than 1,000 rooms, alongside numerous staircases and corridors.","2026-08-31","","UK Parliament, The Palace of Westminster | https://www.parliament.uk/","true","2027-02-28","READY_FOR_INDEPENDENT_REVIEW","","","","","","","","","",""
"enquiry-ben-nevis","fnv1a32-52708741","PUBLIC_ENQUIRY","Hear the claim and record how strongly you believe it.","True","","MIXED","RULES_ENGINE","Ordnance Survey records Ben Nevis at 1,345 metres above sea level.","2026-08-31","","Ordnance Survey, Ben Nevis height | https://www.ordnancesurvey.co.uk/","true","2027-02-28","READY_FOR_INDEPENDENT_REVIEW","","","","","","","","","",""
"enquiry-magna-carta","fnv1a32-b76b8cac","PUBLIC_ENQUIRY","Hear the claim and record how strongly you believe it.","True","","MIXED","RULES_ENGINE","Four original 1215 Magna Carta documents survive: two at the British Library and one each at Lincoln and Salisbury.","2026-08-31","","British Library, Magna Carta | https://www.bl.uk/","true","2027-02-28","READY_FOR_INDEPENDENT_REVIEW","","","","","","","","","",""
"enquiry-tower-bridge","fnv1a32-0b30b060","PUBLIC_ENQUIRY","Hear the claim and record how strongly you believe it.","True","","MIXED","RULES_ENGINE","Tower Bridge was officially opened by the Prince and Princess of Wales on 30 June 1894.","2026-08-31","","Tower Bridge, History | https://www.towerbridge.org.uk/","true","2027-02-28","READY_FOR_INDEPENDENT_REVIEW","","","","","","","","","",""
"enquiry-penny-black","fnv1a32-20bdd09b","PUBLIC_ENQUIRY","Hear the claim and record how strongly you believe it.","False","","MIXED","RULES_ENGINE","Penny Blacks were issued without perforations and had to be cut individually from sheets.","2026-08-31","","The Postal Museum, Penny Black | https://www.postalmuseum.org/","true","2027-02-28","READY_FOR_INDEPENDENT_REVIEW","","","","","","","","","",""
"enquiry-unicorn","fnv1a32-110ca587","PUBLIC_ENQUIRY","Hear the claim and record how strongly you believe it.","True","","MIXED","RULES_ENGINE","The unicorn is Scotland’s national animal and has appeared in Scottish heraldry for centuries.","2026-08-31","","National Records of Scotland, The Unicorn | https://www.nrscotland.gov.uk/","true","2027-02-28","READY_FOR_INDEPENDENT_REVIEW","","","","","","","","","",""
"enquiry-speaker-vote","fnv1a32-bbbaf888","PUBLIC_ENQUIRY","Assess the official claim and calibrate the jury.","False","","EXPERT","RULES_ENGINE","The Commons Speaker remains impartial and votes only to break a tie.","2026-08-31","","UK Parliament, The Speaker and voting | https://www.parliament.uk/","false","","READY_FOR_INDEPENDENT_REVIEW","","","","","","","","","",""
"enquiry-tower-ravens","fnv1a32-008f029e","PUBLIC_ENQUIRY","Assess the official claim and calibrate the jury.","True","","ACCESSIBLE","RULES_ENGINE","Tower tradition holds that the kingdom will fall if the ravens leave, so at least six are kept.","2026-08-31","","Historic Royal Palaces, Ravens at the Tower | https://www.hrp.org.uk/","false","","READY_FOR_INDEPENDENT_REVIEW","","","","","","","","","",""
"enquiry-broads","fnv1a32-169e0209","PUBLIC_ENQUIRY","Assess the official claim and calibrate the jury.","False","","MIXED","RULES_ENGINE","The Broads were largely created by medieval peat excavation and later flooding.","2026-08-31","","Broads Authority, History of the Broads | https://www.broads-authority.gov.uk/","false","","READY_FOR_INDEPENDENT_REVIEW","","","","","","","","","",""
"enquiry-bath","fnv1a32-cec9a216","PUBLIC_ENQUIRY","Assess the official claim and calibrate the jury.","True","","MIXED","RULES_ENGINE","Aquae Sulis combined the Roman goddess Minerva with the local goddess Sulis.","2026-08-31","","Roman Baths, Roman Bath | https://www.romanbaths.co.uk/","false","","READY_FOR_INDEPENDENT_REVIEW","","","","","","","","","",""
"enquiry-mallard","fnv1a32-cee632ff","PUBLIC_ENQUIRY","Assess the official claim and calibrate the jury.","True","","MIXED","RULES_ENGINE","LNER A4 locomotive Mallard set the record at 126 mph on 3 July 1938.","2026-08-31","","National Railway Museum, Mallard | https://www.railwaymuseum.org.uk/","false","","READY_FOR_INDEPENDENT_REVIEW","","","","","","","","","",""
"enquiry-kew","fnv1a32-f9e5b5c5","PUBLIC_ENQUIRY","Assess the official claim and calibrate the jury.","True","","MIXED","RULES_ENGINE","Royal Botanic Gardens, Kew maintains an exceptionally large and diverse living collection.","2026-08-31","","Royal Botanic Gardens Kew, Collections | https://www.kew.org/","false","","READY_FOR_INDEPENDENT_REVIEW","","","","","","","","","",""
"enquiry-welsh-capital","fnv1a32-9facdc68","PUBLIC_ENQUIRY","Assess the official claim and calibrate the jury.","False","","ACCESSIBLE","RULES_ENGINE","Cardiff, not Swansea, was formally recognised as the Welsh capital in 1955.","2026-08-31","","Cardiff Council, Cardiff history | https://www.cardiff.gov.uk/","false","","READY_FOR_INDEPENDENT_REVIEW","","","","","","","","","",""
"enquiry-stonehenge","fnv1a32-5a483b9a","PUBLIC_ENQUIRY","Assess the official claim and calibrate the jury.","True","","MIXED","RULES_ENGINE","Stonehenge’s bluestones were transported from sources in the Preseli Hills.","2026-08-31","","English Heritage, Stonehenge history | https://www.english-heritage.org.uk/","false","","READY_FOR_INDEPENDENT_REVIEW","","","","","","","","","",""
"enquiry-loch-ness","fnv1a32-da46e3f5","PUBLIC_ENQUIRY","Assess the official claim and calibrate the jury.","True","","MIXED","RULES_ENGINE","Loch Ness has a larger volume than all English and Welsh lakes combined.","2026-08-31","","NatureScot, Loch Ness | https://www.nature.scot/","false","","READY_FOR_INDEPENDENT_REVIEW","","","","","","","","","",""
"enquiry-hadrian","fnv1a32-d89d3981","PUBLIC_ENQUIRY","Assess the official claim and calibrate the jury.","False","","MIXED","RULES_ENGINE","Hadrian’s Wall does not follow the modern Anglo-Scottish border.","2026-08-31","","English Heritage, Hadrian’s Wall | https://www.english-heritage.org.uk/","false","","READY_FOR_INDEPENDENT_REVIEW","","","","","","","","","",""
"enquiry-open-university","fnv1a32-f6623d29","PUBLIC_ENQUIRY","Assess the official claim and calibrate the jury.","True","","MIXED","RULES_ENGINE","The Open University was established by Royal Charter in 1969.","2026-08-31","","The Open University, Our history | https://www.open.ac.uk/","false","","READY_FOR_INDEPENDENT_REVIEW","","","","","","","","","",""
"enquiry-belfast-cranes","fnv1a32-792bd357","PUBLIC_ENQUIRY","Assess the official claim and calibrate the jury.","False","","MIXED","RULES_ENGINE","The two Belfast gantry cranes are Samson and Goliath, not David and Goliath.","2026-08-31","","Harland & Wolff, Belfast shipyard history | https://www.harland-wolff.com/","false","","READY_FOR_INDEPENDENT_REVIEW","","","","","","","","","",""
"enquiry-falkirk-wheel","fnv1a32-1ed9f2c9","PUBLIC_ENQUIRY","Assess the official claim and calibrate the jury.","False","","EXPERT","RULES_ENGINE","The Falkirk Wheel is a rotating boat lift connecting the Forth and Clyde and Union Canals.","2026-08-31","","Scottish Canals, The Falkirk Wheel | https://www.scottishcanals.co.uk/","false","","READY_FOR_INDEPENDENT_REVIEW","","","","","","","","","",""
"enquiry-bayeux","fnv1a32-19adfbb5","PUBLIC_ENQUIRY","Assess the official claim and calibrate the jury.","True","","MIXED","RULES_ENGINE","The Bayeux Tapestry is technically an embroidery.","2026-08-31","","Bayeux Museum, The Bayeux Tapestry | https://www.bayeuxmuseum.com/en/","false","","READY_FOR_INDEPENDENT_REVIEW","","","","","","","","","",""
"enquiry-crown-dependency","fnv1a32-d3a8faa6","PUBLIC_ENQUIRY","Assess the official claim and calibrate the jury.","False","","EXPERT","RULES_ENGINE","The Isle of Man is not part of the UK, though the Crown is responsible for its international representation and defence.","2026-08-31","","Isle of Man Government, Constitutional position | https://www.gov.im/","false","","READY_FOR_INDEPENDENT_REVIEW","","","","","","","","","",""
"chain-monarchs","fnv1a32-51aac61b","CHAIN_OF_COMMAND","Place these monarchs in order of accession, earliest first.","William I || Henry VIII || Elizabeth I || Victoria || Elizabeth II","","EXPERT","RULES_ENGINE","William I acceded in 1066, Henry VIII in 1509, Elizabeth I in 1558, Victoria in 1837 and Elizabeth II in 1952.","2026-08-31","","Royal Family, Kings and Queens timeline | https://www.royal.uk/","false","","READY_FOR_INDEPENDENT_REVIEW","","","","","","","","","",""
"chain-prime-ministers","fnv1a32-905f0947","CHAIN_OF_COMMAND","Place these Prime Ministers in order of first taking office.","Churchill || Eden || Macmillan || Douglas-Home || Wilson","","MIXED","RULES_ENGINE","Churchill first took office in 1940, followed by Eden, Macmillan, Douglas-Home and Wilson.","2026-08-31","","GOV.UK, Past Prime Ministers | https://www.gov.uk/","false","","READY_FOR_INDEPENDENT_REVIEW","","","","","","","","","",""
"chain-bridges","fnv1a32-946a5a69","CHAIN_OF_COMMAND","Place these bridges in order of opening, earliest first.","Iron Bridge || Menai Bridge || Forth Bridge || Tower Bridge || Millennium Bridge","","EXPERT","RULES_ENGINE","The bridges opened in 1781, 1826, 1890, 1894 and 2000 respectively.","2026-08-31","","English Heritage and official bridge histories | https://www.english-heritage.org.uk/","false","","READY_FOR_INDEPENDENT_REVIEW","","","","","","","","","",""
"chain-novels","fnv1a32-a39f674b","CHAIN_OF_COMMAND","Place these books in order of first publication, earliest first.","Pride and Prejudice || Oliver Twist || The Hobbit || Nineteen Eighty-Four || Harry Potter","","MIXED","RULES_ENGINE","The works first appeared in 1813, 1838, 1937, 1949 and 1997 respectively.","2026-08-31","","British Library and publishers’ publication records | https://www.bl.uk/","true","2027-02-28","READY_FOR_INDEPENDENT_REVIEW","","","","","","","","","",""
"chain-discoveries","fnv1a32-35f9f0c9","CHAIN_OF_COMMAND","Place these British scientific milestones in chronological order.","Newton’s Principia || Watt’s steam patent || Faraday induction || Fleming penicillin || World Wide Web","","EXPERT","RULES_ENGINE","The milestones date to 1687, 1769, 1831, 1928 and 1989 respectively.","2026-08-31","","Royal Society, Science Museum and CERN histories | https://www.sciencemuseum.org.uk/","false","","READY_FOR_INDEPENDENT_REVIEW","","","","","","","","","",""
"chain-landmarks","fnv1a32-a8ede75e","CHAIN_OF_COMMAND","Place these landmarks in order of completion, earliest first.","White Tower || St Paul’s Cathedral || Elizabeth Tower || Original Wembley || Angel of the North","","MIXED","RULES_ENGINE","The White Tower is medieval; St Paul’s was completed in 1710, Elizabeth Tower in 1859, the original Wembley in 1923 and the Angel in 1998.","2026-08-31","","Historic Royal Palaces, St Paul’s, UK Parliament, Wembley and Gateshead histories | https://www.parliament.uk/","false","","READY_FOR_INDEPENDENT_REVIEW","","","","","","","","","",""
"chain-sport","fnv1a32-7ced198a","CHAIN_OF_COMMAND","Place these sporting competitions in order of their first staging.","The Open || FA Cup || Wimbledon || Home Nations || London Marathon","","ACCESSIBLE","RULES_ENGINE","The competitions began in 1860, 1871, 1877, 1883 and 1981 respectively.","2026-08-31","","The Open Championship, history | https://www.theopen.com/ || Football Association, FA Cup | https://www.thefa.com/ || Wimbledon, history | https://www.wimbledon.com/ || Six Nations, history | https://www.sixnationsrugby.com/ || London Marathon, history | https://www.londonmarathonevents.co.uk/","false","","READY_FOR_INDEPENDENT_REVIEW","","","","","","","","","",""
"chain-scientists","fnv1a32-980d37ce","CHAIN_OF_COMMAND","Place these scientists in order of birth, earliest first.","Isaac Newton || Michael Faraday || Charles Darwin || Ada Lovelace || Alan Turing","","MIXED","RULES_ENGINE","Newton was born in 1643, Faraday in 1791, Darwin in 1809, Lovelace in 1815 and Turing in 1912.","2026-08-31","","Royal Society and Science Museum biographies | https://www.sciencemuseum.org.uk/","false","","READY_FOR_INDEPENDENT_REVIEW","","","","","","","","","",""
"chain-beatles","fnv1a32-8de1373d","CHAIN_OF_COMMAND","Place these Beatles albums in UK release order.","Please Please Me || Help! || Revolver || Sgt Pepper || Abbey Road","","ACCESSIBLE","RULES_ENGINE","The albums were released in 1963, 1965, 1966, 1967 and 1969 respectively.","2026-08-31","","The Beatles official discography | https://www.thebeatles.com/","false","","READY_FOR_INDEPENDENT_REVIEW","","","","","","","","","",""
"chain-modern-britain","fnv1a32-6f796edc","CHAIN_OF_COMMAND","Place these national milestones in chronological order.","NHS launch || Coronation broadcast || Decimal Day || Channel Tunnel || Devolved parliaments","","MIXED","RULES_ENGINE","These milestones occurred in 1948, 1953, 1971, 1994 and 1999 respectively.","2026-08-31","","NHS, Royal Collection, Royal Mint, Getlink and UK Parliament histories | https://www.parliament.uk/","false","","READY_FOR_INDEPENDENT_REVIEW","","","","","","","","","",""
"chain-space-missions","fnv1a32-7c90861e","CHAIN_OF_COMMAND","Place these British space milestones in chronological order.","Jodrell Bank founded || Goonhilly opens || Prospero launch || Helen Sharman mission || Tim Peake mission","","MIXED","RULES_ENGINE","The milestones date to 1945, 1962, 1971, 1991 and 2015.","2026-08-31","","Jodrell Bank, Goonhilly and UK Space Agency histories | https://www.jodrellbank.net/","false","","READY_FOR_INDEPENDENT_REVIEW","","","","","","","","","",""
"chain-art-movements","fnv1a32-dfb955ef","CHAIN_OF_COMMAND","Place these works in order of creation, earliest first.","The Hay Wain || The Fighting Temeraire || Ophelia || The Snail || Angel of the North","","MIXED","RULES_ENGINE","The selected works date from 1821, 1839, 1851–52, 1953 and 1998.","2026-08-31","","National Gallery, Tate and Gateshead Council collection records | https://www.nationalgallery.org.uk/","true","2027-02-28","READY_FOR_INDEPENDENT_REVIEW","","","","","","","","","",""
"chain-cathedrals","fnv1a32-e7d3d66f","CHAIN_OF_COMMAND","Place these cathedral foundations or present buildings in chronological order, earliest first.","Canterbury Cathedral || Durham Cathedral || Salisbury Cathedral || St Paul’s Cathedral || Liverpool Cathedral","","EXPERT","RULES_ENGINE","Their relevant foundations or present-building starts span 597, 1093, 1220, 1675 and 1904.","2026-08-31","","Canterbury Cathedral, history | https://www.canterbury-cathedral.org/ || Durham Cathedral official history | https://www.durhamcathedral.co.uk/ || Salisbury Cathedral, history | https://www.salisburycathedral.org.uk/ || St Paul’s Cathedral, history | https://www.stpauls.co.uk/ || Liverpool Cathedral, history | https://liverpoolcathedral.org.uk/","false","","READY_FOR_INDEPENDENT_REVIEW","","","","","","","","","",""
"chain-broadcasting","fnv1a32-4adcf9a9","CHAIN_OF_COMMAND","Place these broadcasting milestones in chronological order.","BBC founded || First regular television service || Coronation televised || BBC Two launches || Channel 4 launches","","ACCESSIBLE","RULES_ENGINE","The milestones occurred in 1922, 1936, 1953, 1964 and 1982.","2026-08-31","","BBC History and Channel 4 history | https://www.bbc.co.uk/historyofthebbc/","false","","READY_FOR_INDEPENDENT_REVIEW","","","","","","","","","",""
"chain-womens-vote","fnv1a32-68a6dad8","CHAIN_OF_COMMAND","Place these voting-reform milestones in chronological order.","Great Reform Act || Second Reform Act || Representation Act 1884 || Some women enfranchised || Equal franchise for women","","MIXED","RULES_ENGINE","The selected reforms date to 1832, 1867, 1884, 1918 and 1928.","2026-08-31","","UK Parliament, Living Heritage: reforming the vote | https://www.parliament.uk/","false","","READY_FOR_INDEPENDENT_REVIEW","","","","","","","","","",""
"chain-welsh-castles","fnv1a32-d5d739b1","CHAIN_OF_COMMAND","Place these Welsh castles by the start of major construction, earliest first.","Chepstow || Caerphilly || Conwy || Caernarfon || Beaumaris","","MIXED","RULES_ENGINE","Their major building phases began about 1067, 1268, March 1283, June 1283 and 1295.","2026-08-31","","Cadw, Welsh castle histories | https://cadw.gov.wales/","false","","READY_FOR_INDEPENDENT_REVIEW","","","","","","","","","",""
"chain-explorers","fnv1a32-c21c2e0d","CHAIN_OF_COMMAND","Place these expeditions or achievements in chronological order.","Cook reaches east Australia || Livingstone sees Victoria Falls || Scott reaches South Pole || Everest first ascent || Fiennes polar circumnavigation","","MIXED","RULES_ENGINE","The milestones date to 1770, 1855, 1912, 1953 and 1982.","2026-08-31","","Royal Museums Greenwich and Royal Geographical Society | https://www.rmg.co.uk/","false","","READY_FOR_INDEPENDENT_REVIEW","","","","","","","","","",""
"chain-railway-stations","fnv1a32-0c5ba6f8","CHAIN_OF_COMMAND","Place these railway stations by opening, earliest first.","Liverpool Road || London Bridge || St Pancras || York || Waterloo International","","ACCESSIBLE","RULES_ENGINE","The relevant openings occurred in 1830, 1836, 1868, 1877 and 1994.","2026-08-31","","National Railway Museum and Network Rail station histories | https://www.railwaymuseum.org.uk/","false","","READY_FOR_INDEPENDENT_REVIEW","","","","","","","","","",""
"chain-seaside-icons","fnv1a32-488997d2","CHAIN_OF_COMMAND","Place these seaside attractions by opening, earliest first.","Blackpool Tower || Brighton Palace Pier || Great Orme Tramway || Pleasure Beach Big Dipper || Brighton i360","","ACCESSIBLE","RULES_ENGINE","The attractions opened in 1894, 1899, 1902, 1923 and 2016.","2026-08-31","","Blackpool Tower official history | https://www.theblackpooltower.com/ || Brighton Palace Pier, history | https://www.brightonpier.co.uk/ || Great Orme Tramway, history | https://www.greatormetramway.co.uk/ || Blackpool Pleasure Beach, Big Dipper | https://www.blackpoolpleasurebeach.com/ || Brighton i360, history | https://www.brightoni360.co.uk/","false","","READY_FOR_INDEPENDENT_REVIEW","","","","","","","","","",""
"chain-nobel-britons","fnv1a32-7b7d7050","CHAIN_OF_COMMAND","Place these British Nobel achievements in chronological order.","J. J. Thomson || Alexander Fleming || Francis Crick || Dorothy Hodgkin || Peter Higgs","","EXPERT","RULES_ENGINE","Their relevant Nobel awards were in 1906, 1945, 1962, 1964 and 2013.","2026-08-31","","Nobel Prize, laureate records | https://www.nobelprize.org/","true","2027-02-28","READY_FOR_INDEPENDENT_REVIEW","","","","","","","","","",""
"chain-festivals","fnv1a32-ca592442","CHAIN_OF_COMMAND","Place these festivals by their first edition, earliest first.","Eisteddfod modern revival || Edinburgh International Festival || Notting Hill Carnival || Glastonbury Festival || Green Man Festival","","MIXED","RULES_ENGINE","The selected events began in 1861, 1947, 1966, 1970 and 2003.","2026-08-31","","National Eisteddfod, history | https://eisteddfod.wales/ || Edinburgh International Festival, history | https://www.eif.co.uk/ || Notting Hill Carnival, history | https://nhcarnival.org/ || Glastonbury Festival, History | https://www.glastonburyfestivals.co.uk/ || Green Man Festival, history | https://www.greenman.net/","false","","READY_FOR_INDEPENDENT_REVIEW","","","","","","","","","",""
"chain-bridges-modern","fnv1a32-e9058b36","CHAIN_OF_COMMAND","Place these bridges by opening, earliest first.","Clifton Suspension Bridge || Tower Bridge || Tyne Bridge || Severn Bridge || Gateshead Millennium Bridge","","EXPERT","RULES_ENGINE","They opened in 1864, 1894, 1928, 1966 and 2001.","2026-08-31","","Clifton Suspension Bridge Trust, History | https://cliftonbridge.org.uk/ || Tower Bridge, History | https://www.towerbridge.org.uk/ || Newcastle City Council, Tyne Bridge | https://www.newcastle.gov.uk/ || National Highways, Severn Bridge | https://nationalhighways.co.uk/ || Gateshead Council, Millennium Bridge | https://www.gateshead.gov.uk/","false","","READY_FOR_INDEPENDENT_REVIEW","","","","","","","","","",""
"chain-childrens-books","fnv1a32-cf006feb","CHAIN_OF_COMMAND","Place these children’s books by first publication, earliest first.","Alice’s Adventures in Wonderland || The Wind in the Willows || Winnie-the-Pooh || The Lion, the Witch and the Wardrobe || Northern Lights","","MIXED","RULES_ENGINE","The books appeared in 1865, 1908, 1926, 1950 and 1995.","2026-08-31","","British Library and publisher catalogues | https://www.bl.uk/","false","","READY_FOR_INDEPENDENT_REVIEW","","","","","","","","","",""
"chain-football","fnv1a32-dd499080","CHAIN_OF_COMMAND","Place these football milestones in chronological order.","FA founded || First FA Cup final || Football League founded || First Wembley final || Premier League begins","","ACCESSIBLE","RULES_ENGINE","The milestones occurred in 1863, 1872, 1888, 1923 and 1992.","2026-08-31","","The Football Association and English Football League histories | https://www.thefa.com/","false","","READY_FOR_INDEPENDENT_REVIEW","","","","","","","","","",""
"chain-national-parks","fnv1a32-e8ba1596","CHAIN_OF_COMMAND","Place these National Parks by designation, earliest first.","Peak District || Lake District || Pembrokeshire Coast || Cairngorms || South Downs","","MIXED","RULES_ENGINE","They were designated in 1951, 1951, 1952, 2003 and 2010; the Peak District was designated before the Lake District.","2026-08-31","","National Parks UK, park histories | https://www.nationalparks.uk/","false","","READY_FOR_INDEPENDENT_REVIEW","","","","","","","","","",""
"complaint-parliament","fnv1a32-85a18f13","COMPLAINTS_DESK","Identify the single inaccurate statement in the parliamentary file.","Big Ben is the official name of the clock tower.","","EXPERT","RULES_ENGINE","Big Ben is the Great Bell; the clock tower is Elizabeth Tower.","2026-08-31","","UK Parliament and GOV.UK parliamentary records | https://www.parliament.uk/","true","2027-02-28","READY_FOR_INDEPENDENT_REVIEW","","","","","","","","","",""
"complaint-geography","fnv1a32-07393814","COMPLAINTS_DESK","Identify the single inaccurate statement in the geographical file.","The Lake District is chiefly in Derbyshire.","","MIXED","RULES_ENGINE","The Lake District is in Cumbria, not Derbyshire.","2026-08-31","","Ordnance Survey, National Trust, Eryri and Lake District National Park | https://www.ordnancesurvey.co.uk/","false","","READY_FOR_INDEPENDENT_REVIEW","","","","","","","","","",""
"complaint-history","fnv1a32-56b0d8aa","COMPLAINTS_DESK","Identify the single inaccurate statement in the historical file.","Queen Victoria immediately succeeded George IV.","","MIXED","RULES_ENGINE","Victoria immediately succeeded William IV, not George IV.","2026-08-31","","English Heritage, UK Parliament, London Museum and Royal Family histories | https://www.parliament.uk/","false","","READY_FOR_INDEPENDENT_REVIEW","","","","","","","","","",""
"complaint-science","fnv1a32-2e19033f","COMPLAINTS_DESK","Identify the single inaccurate statement in the scientific file.","Alan Turing invented the World Wide Web.","","EXPERT","RULES_ENGINE","Tim Berners-Lee invented the World Wide Web; Alan Turing did not.","2026-08-31","","Science Museum, Royal Institution, Royal Society and CERN histories | https://www.sciencemuseum.org.uk/","false","","READY_FOR_INDEPENDENT_REVIEW","","","","","","","","","",""
"complaint-literature","fnv1a32-2b141d16","COMPLAINTS_DESK","Identify the single inaccurate statement in the literary file.","Macbeth centres on a Danish prince.","","MIXED","RULES_ENGINE","Hamlet is the Danish prince; Macbeth is a Scottish nobleman and king.","2026-08-31","","British Library, Tolkien Estate and Royal Shakespeare Company | https://www.bl.uk/","false","","READY_FOR_INDEPENDENT_REVIEW","","","","","","","","","",""
"complaint-arts","fnv1a32-c08ed483","COMPLAINTS_DESK","Identify the single inaccurate statement in the cultural file.","The Beatles formed in Manchester.","","MIXED","RULES_ENGINE","The Beatles formed in Liverpool, not Manchester.","2026-08-31","","National Gallery, music archives, Gateshead Council, Tate and National Museums Liverpool | https://www.nationalgallery.org.uk/","false","","READY_FOR_INDEPENDENT_REVIEW","","","","","","","","","",""
"complaint-sport","fnv1a32-5193fb1e","COMPLAINTS_DESK","Identify the single inaccurate statement in the sporting file.","The Crucible hosts the world darts championship.","","ACCESSIBLE","RULES_ENGINE","The Crucible hosts the World Snooker Championship, not the world darts championship.","2026-08-31","","Wimbledon, World Athletics, FA, Henley and World Snooker Tour | https://www.wimbledon.com/","false","","READY_FOR_INDEPENDENT_REVIEW","","","","","","","","","",""
"complaint-food","fnv1a32-bbb43fc4","COMPLAINTS_DESK","Identify the single inaccurate statement in the customs file.","Eccles cakes originated in Kent.","","ACCESSIBLE","RULES_ENGINE","Eccles cakes take their name from Eccles, historically in Lancashire, not Kent.","2026-08-31","","Regional tourism records, GOV.UK protected foods and Salford local history | https://www.gov.uk/","true","2027-02-28","READY_FOR_INDEPENDENT_REVIEW","","","","","","","","","",""
"complaint-engineering","fnv1a32-7c9c237c","COMPLAINTS_DESK","Identify the single inaccurate statement in the engineering file.","The Falkirk Wheel transports trains.","","EXPERT","RULES_ENGINE","The Falkirk Wheel is a rotating boat lift; it transports boats, not trains.","2026-08-31","","English Heritage, Science Museum, Getlink, Clifton Suspension Bridge Trust and Scottish Canals | https://www.english-heritage.org.uk/","false","","READY_FOR_INDEPENDENT_REVIEW","","","","","","","","","",""
"complaint-transport","fnv1a32-cb4a278c","COMPLAINTS_DESK","Identify the single inaccurate statement in the transport file.","The Forth Bridge crosses the Thames.","","ACCESSIBLE","RULES_ENGINE","The Forth Bridge crosses the Firth of Forth in Scotland, not the Thames.","2026-08-31","","Transport for London, Heathrow and Forth Bridges histories | https://tfl.gov.uk/","false","","READY_FOR_INDEPENDENT_REVIEW","","","","","","","","","",""
"complaint-castles","fnv1a32-d9eb4b7c","COMPLAINTS_DESK","Identify the single inaccurate statement in this castles file.","Conwy Castle was built by Henry VIII.","","MIXED","RULES_ENGINE","Conwy Castle was built for Edward I in the late thirteenth century, not Henry VIII.","2026-08-31","","Royal Collection Trust, Cadw and official castle histories | https://www.royal.uk/","false","","READY_FOR_INDEPENDENT_REVIEW","","","","","","","","","",""
"complaint-natural-history","fnv1a32-999e0b76","COMPLAINTS_DESK","Identify the single inaccurate statement in this natural history file.","The red squirrel is a marsupial.","","ACCESSIBLE","RULES_ENGINE","The red squirrel is a placental mammal, not a marsupial.","2026-08-31","","RSPB and The Wildlife Trusts species guides | https://www.rspb.org.uk/","false","","READY_FOR_INDEPENDENT_REVIEW","","","","","","","","","",""
"complaint-royal-parks","fnv1a32-52e7467b","COMPLAINTS_DESK","Identify the single inaccurate statement in this royal parks file.","Hampstead Heath is managed by The Royal Parks.","","MIXED","RULES_ENGINE","Hampstead Heath is managed by the City of London Corporation, not The Royal Parks.","2026-08-31","","The Royal Parks and City of London Corporation | https://www.cityoflondon.gov.uk/","false","","READY_FOR_INDEPENDENT_REVIEW","","","","","","","","","",""
"complaint-radio","fnv1a32-6a201179","COMPLAINTS_DESK","Identify the single inaccurate statement in this broadcasting file.","The Today programme is broadcast on BBC Radio 3.","","ACCESSIBLE","RULES_ENGINE","Today is a BBC Radio 4 programme, not a Radio 3 programme.","2026-08-31","","BBC programme archive and BBC History | https://www.bbc.co.uk/historyofthebbc/","false","","READY_FOR_INDEPENDENT_REVIEW","","","","","","","","","",""
"complaint-welsh-history","fnv1a32-cfed6a92","COMPLAINTS_DESK","Identify the single inaccurate statement in this welsh history file.","Aneurin Bevan founded the Bank of England.","","MIXED","RULES_ENGINE","Aneurin Bevan was the minister who oversaw the NHS launch; he did not found the Bank of England.","2026-08-31","","Senedd Cymru, National Library of Wales and NHS histories | https://www.library.wales/","false","","READY_FOR_INDEPENDENT_REVIEW","","","","","","","","","",""
"complaint-scottish-geography","fnv1a32-96098d8f","COMPLAINTS_DESK","Identify the single inaccurate statement in this scottish geography file.","The Isle of Skye lies in the Firth of Forth.","","MIXED","RULES_ENGINE","Skye lies off Scotland’s north-west coast, not in the Firth of Forth.","2026-08-31","","Ordnance Survey, NatureScot and National Parks UK | https://www.ordnancesurvey.co.uk/","false","","READY_FOR_INDEPENDENT_REVIEW","","","","","","","","","",""
"complaint-museums","fnv1a32-ca9568ea","COMPLAINTS_DESK","Identify the single inaccurate statement in this museums file.","The Imperial War Museum North is in Newcastle.","","MIXED","RULES_ENGINE","Imperial War Museum North is in Trafford, Greater Manchester, not Newcastle.","2026-08-31","","British Museum, Rosetta Stone | https://www.britishmuseum.org/ || National Railway Museum, visitor information | https://www.railwaymuseum.org.uk/ || Tate, Tate Modern | https://www.tate.org.uk/ || Riverside Museum and Glasgow Life, Burrell Collection | https://www.glasgowlife.org.uk/museums/venues/riverside-museum/ || Imperial War Museum, IWM North | https://www.iwm.org.uk/","true","2027-02-28","READY_FOR_INDEPENDENT_REVIEW","","","","","","","","","",""
"complaint-inventions","fnv1a32-99743be4","COMPLAINTS_DESK","Identify the single inaccurate statement in this inventions file.","Tim Berners-Lee invented radar.","","MIXED","RULES_ENGINE","Tim Berners-Lee invented the World Wide Web; radar was developed through other work including that of Robert Watson-Watt.","2026-08-31","","Science Museum Group and CERN histories | https://www.sciencemuseum.org.uk/","false","","READY_FOR_INDEPENDENT_REVIEW","","","","","","","","","",""
"complaint-islands","fnv1a32-5c3c0f10","COMPLAINTS_DESK","Identify the single inaccurate statement in this islands file.","Jersey is part of the United Kingdom.","","MIXED","RULES_ENGINE","Jersey is a Crown Dependency and is not part of the United Kingdom.","2026-08-31","","Ordnance Survey and Government of Jersey constitutional information | https://www.ordnancesurvey.co.uk/","false","","READY_FOR_INDEPENDENT_REVIEW","","","","","","","","","",""
"complaint-language","fnv1a32-6b304f7e","COMPLAINTS_DESK","Identify the single inaccurate statement in this languages file.","Manx is a Romance language.","","MIXED","RULES_ENGINE","Manx is a Celtic language, not a Romance language.","2026-08-31","","British Council and national language bodies | https://www.britishcouncil.org/","false","","READY_FOR_INDEPENDENT_REVIEW","","","","","","","","","",""
"complaint-architecture","fnv1a32-0158593a","COMPLAINTS_DESK","Identify the single inaccurate statement in this architecture file.","Antony Gormley designed Tower Bridge.","","EXPERT","RULES_ENGINE","Tower Bridge was designed by Horace Jones with engineering by John Wolfe Barry; Antony Gormley created the Angel of the North.","2026-08-31","","Royal Museums Greenwich, UK Parliament and Tower Bridge histories | https://www.parliament.uk/","false","","READY_FOR_INDEPENDENT_REVIEW","","","","","","","","","",""
"complaint-oceans","fnv1a32-39d87b00","COMPLAINTS_DESK","Identify the single inaccurate statement in this coasts and seas file.","The Baltic Sea borders Scotland.","","MIXED","RULES_ENGINE","The Baltic Sea does not border Scotland or any part of the UK.","2026-08-31","","UK Hydrographic Office | https://www.admiralty.co.uk/","false","","READY_FOR_INDEPENDENT_REVIEW","","","","","","","","","",""
"complaint-universities","fnv1a32-1505325d","COMPLAINTS_DESK","Identify the single inaccurate statement in this universities file.","Imperial College London is in Edinburgh.","","MIXED","RULES_ENGINE","Imperial College London is in London, not Edinburgh.","2026-08-31","","Oxford University, history | https://www.ox.ac.uk/ || Cambridge University, history | https://www.cam.ac.uk/ || University of St Andrews, history | https://www.st-andrews.ac.uk/ || The Open University, Our history | https://www.open.ac.uk/ || Durham University, history | https://www.durham.ac.uk/ || Imperial College London, history | https://www.imperial.ac.uk/","false","","READY_FOR_INDEPENDENT_REVIEW","","","","","","","","","",""
"complaint-festivals","fnv1a32-cc49124e","COMPLAINTS_DESK","Identify the single inaccurate statement in this festivals file.","The National Eisteddfod is a rowing regatta.","","MIXED","RULES_ENGINE","The National Eisteddfod is a Welsh-language cultural festival, not a rowing regatta.","2026-08-31","","Edinburgh International Festival, history | https://www.eif.co.uk/ || Glastonbury Festival, History | https://www.glastonburyfestivals.co.uk/ || Hay Festival, About | https://www.hayfestival.com/ || Notting Hill Carnival, history | https://nhcarnival.org/ || National Eisteddfod, history | https://eisteddfod.wales/","false","","READY_FOR_INDEPENDENT_REVIEW","","","","","","","","","",""
"complaint-public-institutions","fnv1a32-ca5d4daa","COMPLAINTS_DESK","Identify the single inaccurate statement in this public institutions file.","The British Library was founded by William the Conqueror.","","MIXED","RULES_ENGINE","The British Library was created by the British Library Act 1972, not by William the Conqueror.","2026-08-31","","Bank of England, history | https://www.bankofengland.co.uk/ || Metropolitan Police, history | https://www.met.police.uk/ || BBC, history | https://www.bbc.co.uk/historyofthebbc/ || NHS, history | https://www.nhs.uk/ || British Library, history | https://www.bl.uk/","false","","READY_FOR_INDEPENDENT_REVIEW","","","","","","","","","",""
"seating-monarchs","fnv1a32-f30aaaa6","SEATING_COMMITTEE","Arrange these monarchs by accession, earliest on the left.","William I || Henry VIII || Elizabeth I || Victoria || Elizabeth II","","EXPERT","RULES_ENGINE","Their accession years were 1066, 1509, 1558, 1837 and 1952.","2026-08-31","","Royal Family, Kings and Queens timeline | https://www.royal.uk/","false","","READY_FOR_INDEPENDENT_REVIEW","","","","","","","","","",""
"seating-landmarks","fnv1a32-684bbecd","SEATING_COMMITTEE","Arrange these landmarks by completion, earliest on the left.","White Tower || St Paul’s Cathedral || Elizabeth Tower || Tower Bridge || Angel of the North","","MIXED","RULES_ENGINE","The landmarks date from about 1100, 1710, 1859, 1894 and 1998.","2026-08-31","","Historic Royal Palaces, White Tower | https://www.hrp.org.uk/ || St Paul’s Cathedral, history | https://www.stpauls.co.uk/ || UK Parliament, Elizabeth Tower | https://www.parliament.uk/ || Tower Bridge, History | https://www.towerbridge.org.uk/ || Gateshead Council, Angel of the North | https://www.gateshead.gov.uk/","false","","READY_FOR_INDEPENDENT_REVIEW","","","","","","","","","",""
"seating-science","fnv1a32-f1e6a0f4","SEATING_COMMITTEE","Arrange these scientific milestones chronologically, earliest on the left.","Newton’s Principia || Watt steam patent || Faraday induction || Fleming penicillin || World Wide Web","","EXPERT","RULES_ENGINE","The milestones date to 1687, 1769, 1831, 1928 and 1989.","2026-08-31","","Royal Society, Science Museum and CERN histories | https://www.sciencemuseum.org.uk/","false","","READY_FOR_INDEPENDENT_REVIEW","","","","","","","","","",""
"seating-books","fnv1a32-d22fb194","SEATING_COMMITTEE","Arrange these books by first publication, earliest on the left.","Pride and Prejudice || Oliver Twist || The Hobbit || Nineteen Eighty-Four || Harry Potter","","MIXED","RULES_ENGINE","The books first appeared in 1813, 1838, 1937, 1949 and 1997.","2026-08-31","","British Library and publishers’ publication records | https://www.bl.uk/","true","2027-02-28","READY_FOR_INDEPENDENT_REVIEW","","","","","","","","","",""
"seating-prime-ministers","fnv1a32-206bb038","SEATING_COMMITTEE","Arrange these Prime Ministers by first taking office, earliest on the left.","Walpole || Pitt the Younger || Disraeli || Attlee || Thatcher","","MIXED","RULES_ENGINE","They first took office in 1721, 1783, 1868, 1945 and 1979.","2026-08-31","","GOV.UK, Past Prime Ministers | https://www.gov.uk/","false","","READY_FOR_INDEPENDENT_REVIEW","","","","","","","","","",""
"seating-transport","fnv1a32-40ab4a57","SEATING_COMMITTEE","Arrange these transport milestones by opening, earliest on the left.","Stockton & Darlington || London Underground || Forth Bridge || Heathrow || Channel Tunnel","","ACCESSIBLE","RULES_ENGINE","The milestones opened in 1825, 1863, 1890, 1946 and 1994.","2026-08-31","","National Railway Museum, TfL, Forth Bridges, Heathrow and Getlink | https://tfl.gov.uk/","false","","READY_FOR_INDEPENDENT_REVIEW","","","","","","","","","",""
"seating-music","fnv1a32-d5b66db5","SEATING_COMMITTEE","Arrange these works or releases chronologically, earliest on the left.","Messiah || The Planets || Please Please Me || Bohemian Rhapsody || Someone Like You","","ACCESSIBLE","RULES_ENGINE","The works or releases date to 1742, 1918, 1963, 1975 and 2011.","2026-08-31","","Handel Hendrix House, Messiah | https://handelhendrix.org/ || Philharmonia, The Planets | https://philharmonia.co.uk/ || The Beatles official discography | https://www.thebeatles.com/ || Queen official discography | https://www.queenonline.com/ || Adele official discography | https://www.adele.com/","false","","READY_FOR_INDEPENDENT_REVIEW","","","","","","","","","",""
"seating-scientists","fnv1a32-c9c7243b","SEATING_COMMITTEE","Arrange these scientists by birth, earliest on the left.","Isaac Newton || Michael Faraday || Charles Darwin || Ada Lovelace || Alan Turing","","MIXED","RULES_ENGINE","They were born in 1643, 1791, 1809, 1815 and 1912.","2026-08-31","","Royal Society and Science Museum biographies | https://www.sciencemuseum.org.uk/","false","","READY_FOR_INDEPENDENT_REVIEW","","","","","","","","","",""
"seating-sport","fnv1a32-0412c4a9","SEATING_COMMITTEE","Arrange these competitions by their first staging, earliest on the left.","The Open || FA Cup || Wimbledon || Home Nations || London Marathon","","ACCESSIBLE","RULES_ENGINE","The competitions began in 1860, 1871, 1877, 1883 and 1981.","2026-08-31","","The Open Championship, history | https://www.theopen.com/ || Football Association, FA Cup | https://www.thefa.com/ || Wimbledon, history | https://www.wimbledon.com/ || Six Nations, history | https://www.sixnationsrugby.com/ || London Marathon, history | https://www.londonmarathonevents.co.uk/","false","","READY_FOR_INDEPENDENT_REVIEW","","","","","","","","","",""
"seating-institutions","fnv1a32-3f1ce08e","SEATING_COMMITTEE","Arrange these institutions by foundation, earliest on the left.","Bank of England || British Museum || Metropolitan Police || BBC || NHS","","MIXED","RULES_ENGINE","The institutions date to 1694, 1753, 1829, 1922 and 1948.","2026-08-31","","Bank of England, history | https://www.bankofengland.co.uk/ || British Museum, history | https://www.britishmuseum.org/ || Metropolitan Police, history | https://www.met.police.uk/ || BBC, history | https://www.bbc.co.uk/historyofthebbc/ || NHS, history | https://www.nhs.uk/","false","","READY_FOR_INDEPENDENT_REVIEW","","","","","","","","","",""
"seating-royal-houses","fnv1a32-b875968a","SEATING_COMMITTEE","Arrange these royal houses records chronologically, earliest on the left.","Norman dynasty || Plantagenet dynasty || Tudor dynasty || Stuart dynasty || Hanoverian dynasty","","MIXED","RULES_ENGINE","The dynasties began ruling England or Great Britain in 1066, 1154, 1485, 1603 and 1714.","2026-08-31","","Royal Family, Kings and Queens | https://www.royal.uk/","true","2027-02-28","READY_FOR_INDEPENDENT_REVIEW","","","","","","","","","",""
"seating-universities","fnv1a32-e32a0fa0","SEATING_COMMITTEE","Arrange these universities records chronologically, earliest on the left.","Oxford teaching begins || Cambridge founded || St Andrews founded || Durham founded || Open University chartered","","MIXED","RULES_ENGINE","The milestones date to the late eleventh century, 1209, 1413, 1832 and 1969.","2026-08-31","","Oxford University, history | https://www.ox.ac.uk/ || Cambridge University, history | https://www.cam.ac.uk/ || University of St Andrews, history | https://www.st-andrews.ac.uk/ || Durham University, history | https://www.durham.ac.uk/ || The Open University, Our history | https://www.open.ac.uk/","true","2027-02-28","READY_FOR_INDEPENDENT_REVIEW","","","","","","","","","",""
"seating-artworks","fnv1a32-8f62047f","SEATING_COMMITTEE","Arrange these artworks records chronologically, earliest on the left.","The Hay Wain || The Fighting Temeraire || Ophelia || The Snail || Angel of the North","","MIXED","RULES_ENGINE","The works date to 1821, 1839, 1851–52, 1953 and 1998.","2026-08-31","","National Gallery, Tate and Gateshead Council | https://www.nationalgallery.org.uk/","true","2027-02-28","READY_FOR_INDEPENDENT_REVIEW","","","","","","","","","",""
"seating-social-reform","fnv1a32-318c892d","SEATING_COMMITTEE","Arrange these social reform records chronologically, earliest on the left.","Slave Trade Act || Factory Act 1833 || Tolpuddle case || Some women enfranchised || Equal franchise for women","","EXPERT","RULES_ENGINE","The milestones date to 1807, 1833, 1834, 1918 and 1928.","2026-08-31","","UK Parliament Living Heritage and TUC | https://www.parliament.uk/","true","2027-02-28","READY_FOR_INDEPENDENT_REVIEW","","","","","","","","","",""
"seating-broadcasting","fnv1a32-f588c02b","SEATING_COMMITTEE","Arrange these broadcasting records chronologically, earliest on the left.","BBC founded || Television service begins || Coronation televised || BBC Two launches || Channel 4 launches","","ACCESSIBLE","RULES_ENGINE","The milestones date to 1922, 1936, 1953, 1964 and 1982.","2026-08-31","","BBC History and Channel 4 | https://www.bbc.co.uk/historyofthebbc/","true","2027-02-28","READY_FOR_INDEPENDENT_REVIEW","","","","","","","","","",""
"seating-scottish-bridges","fnv1a32-51c41653","SEATING_COMMITTEE","Arrange these scottish bridges records chronologically, earliest on the left.","Old Brig o’ Doon || Dean Bridge || Forth Bridge || Forth Road Bridge || Queensferry Crossing","","MIXED","RULES_ENGINE","The structures opened or were completed about 1430, 1832, 1890, 1964 and 2017.","2026-08-31","","Historic Environment Scotland and Forth Bridges | https://www.historicenvironment.scot/","true","2027-02-28","READY_FOR_INDEPENDENT_REVIEW","","","","","","","","","",""
"seating-museums","fnv1a32-32b18e1d","SEATING_COMMITTEE","Arrange these museums records chronologically, earliest on the left.","British Museum opens || National Gallery founded || V&A founded || Tate opens || Tate Modern opens","","MIXED","RULES_ENGINE","The institutions or buildings opened in 1759, 1824, 1852, 1897 and 2000.","2026-08-31","","British Museum, history | https://www.britishmuseum.org/ || National Gallery, history | https://www.nationalgallery.org.uk/ || V&A, history | https://www.vam.ac.uk/ || Tate, history | https://www.tate.org.uk/","true","2027-02-28","READY_FOR_INDEPENDENT_REVIEW","","","","","","","","","",""
"seating-transport-inventions","fnv1a32-13c46d5c","SEATING_COMMITTEE","Arrange these transport inventions records chronologically, earliest on the left.","Steam locomotive demonstration || Pneumatic tyre patent || Jet engine patent || Hovercraft crossing || Concorde service","","ACCESSIBLE","RULES_ENGINE","The milestones date to 1804, 1888, 1930, 1959 and 1976.","2026-08-31","","Science Museum Group collection histories | https://www.sciencemuseum.org.uk/","true","2027-02-28","READY_FOR_INDEPENDENT_REVIEW","","","","","","","","","",""
"seating-football","fnv1a32-20dfb406","SEATING_COMMITTEE","Arrange these football records chronologically, earliest on the left.","FA founded || First FA Cup final || Football League founded || First Wembley final || Premier League begins","","MIXED","RULES_ENGINE","The milestones occurred in 1863, 1872, 1888, 1923 and 1992.","2026-08-31","","The FA and EFL histories | https://www.thefa.com/","true","2027-02-28","READY_FOR_INDEPENDENT_REVIEW","","","","","","","","","",""
"seating-childrens-books","fnv1a32-82669677","SEATING_COMMITTEE","Arrange these children’s books records chronologically, earliest on the left.","Alice in Wonderland || The Wind in the Willows || Winnie-the-Pooh || The Lion, the Witch and the Wardrobe || Northern Lights","","MIXED","RULES_ENGINE","The books appeared in 1865, 1908, 1926, 1950 and 1995.","2026-08-31","","British Library and publisher catalogues | https://www.bl.uk/","true","2027-02-28","READY_FOR_INDEPENDENT_REVIEW","","","","","","","","","",""
"seating-space","fnv1a32-5722e43a","SEATING_COMMITTEE","Arrange these space records chronologically, earliest on the left.","Jodrell Bank founded || Goonhilly opens || Prospero launched || Helen Sharman flies || Tim Peake flies","","MIXED","RULES_ENGINE","The milestones occurred in 1945, 1962, 1971, 1991 and 2015.","2026-08-31","","UK Space Agency, Jodrell Bank and Goonhilly histories | https://www.jodrellbank.net/","true","2027-02-28","READY_FOR_INDEPENDENT_REVIEW","","","","","","","","","",""
"seating-festivals","fnv1a32-69029236","SEATING_COMMITTEE","Arrange these festivals records chronologically, earliest on the left.","Modern Eisteddfod revival || Edinburgh Festival || Notting Hill Carnival || Glastonbury Festival || Green Man Festival","","MIXED","RULES_ENGINE","The events began in 1861, 1947, 1966, 1970 and 2003.","2026-08-31","","National Eisteddfod, history | https://eisteddfod.wales/ || Edinburgh International Festival, history | https://www.eif.co.uk/ || Notting Hill Carnival, history | https://nhcarnival.org/ || Glastonbury Festival, History | https://www.glastonburyfestivals.co.uk/ || Green Man Festival, history | https://www.greenman.net/","true","2027-02-28","READY_FOR_INDEPENDENT_REVIEW","","","","","","","","","",""
"seating-nobel","fnv1a32-6e11d6b0","SEATING_COMMITTEE","Arrange these nobel awards records chronologically, earliest on the left.","J. J. Thomson || Alexander Fleming || Francis Crick || Dorothy Hodgkin || Peter Higgs","","MIXED","RULES_ENGINE","Their relevant Nobel awards were made in 1906, 1945, 1962, 1964 and 2013.","2026-08-31","","Nobel Prize laureate records | https://www.nobelprize.org/","true","2027-02-28","READY_FOR_INDEPENDENT_REVIEW","","","","","","","","","",""
"seating-national-parks","fnv1a32-4803aa58","SEATING_COMMITTEE","Arrange these national parks records chronologically, earliest on the left.","Peak District || Lake District || Pembrokeshire Coast || Cairngorms || South Downs","","MIXED","RULES_ENGINE","They were designated in April 1951, May 1951, 1952, 2003 and 2010.","2026-08-31","","National Parks UK | https://www.nationalparks.uk/","true","2027-02-28","READY_FOR_INDEPENDENT_REVIEW","","","","","","","","","",""
"seating-women-pioneers","fnv1a32-259f915b","SEATING_COMMITTEE","Arrange these women pioneers records chronologically, earliest on the left.","Mary Anning born || Elizabeth Garrett Anderson born || Emmeline Pankhurst born || Amy Johnson born || Dorothy Hodgkin born","","MIXED","RULES_ENGINE","They were born in 1799, 1836, 1858, 1903 and 1910.","2026-08-31","","National Portrait Gallery and Science Museum biographies | https://www.sciencemuseum.org.uk/","true","2027-02-28","READY_FOR_INDEPENDENT_REVIEW","","","","","","","","","",""
"dispatch-britain","fnv1a32-1d879dfb","DISPATCH_BOX","Answer five short briefs from the general register.","Pound sterling || Union Flag || Belfast || GMT || London","","MIXED","RULES_ENGINE","1. The currency of the United Kingdom is pound sterling. 2. The national flag is customarily called the Union Flag or Union Jack. 3. Belfast is the capital city of Northern Ireland. 4. The UK returns to Greenwich Mean Time outside British Summer Time. 5. The British Library’s main building is at St Pancras in London.","2026-08-31","","Bank of England, About the pound sterling | https://www.bankofengland.co.uk/ || UK Parliament, The Union Jack | https://www.parliament.uk/ || Northern Ireland Executive, About Northern Ireland | https://www.nidirect.gov.uk/ || GOV.UK, When do the clocks change? | https://www.gov.uk/ || British Library, Visit us in London | https://www.bl.uk/","false","","READY_FOR_INDEPENDENT_REVIEW","","","","","","","","","",""
"dispatch-history","fnv1a32-0879ef00","DISPATCH_BOX","Answer five short briefs from the historical register.","1066 || Runnymede || 1666 || Hadrian || William IV","","MIXED","RULES_ENGINE","1. The Battle of Hastings was fought in 1066. 2. King John sealed Magna Carta at Runnymede. 3. The Great Fire of London began in September 1666. 4. Hadrian’s Wall was ordered by Emperor Hadrian. 5. Victoria succeeded her uncle William IV in 1837.","2026-08-31","","English Heritage, Battle of Hastings | https://www.english-heritage.org.uk/ || UK Parliament, Magna Carta | https://www.parliament.uk/ || Museum of London, Great Fire of London | https://www.londonmuseum.org.uk/ || English Heritage, History of Hadrian’s Wall | https://www.english-heritage.org.uk/ || Royal Family, Queen Victoria | https://www.royal.uk/","false","","READY_FOR_INDEPENDENT_REVIEW","","","","","","","","","",""
"dispatch-geography","fnv1a32-9b3d6ea9","DISPATCH_BOX","Answer five short briefs from the geographical register.","Scotland || Severn || Northern Ireland || Yr Wyddfa || Cumbria","","MIXED","RULES_ENGINE","1. Ben Nevis is in the Scottish Highlands. 2. The River Severn is the longest river in the UK. 3. The Giant’s Causeway lies on the County Antrim coast of Northern Ireland. 4. Yr Wyddfa is the Welsh name for the mountain also known as Snowdon. 5. The Lake District National Park is in Cumbria.","2026-08-31","","Ordnance Survey, Ben Nevis | https://www.ordnancesurvey.co.uk/ || Encyclopaedia Britannica, River Severn || National Trust, Giant’s Causeway | https://www.nationaltrust.org.uk/ || Eryri National Park, Yr Wyddfa | https://eryri.gov.wales/ || Lake District National Park, About the Lake District | https://www.lakedistrict.gov.uk/","false","","READY_FOR_INDEPENDENT_REVIEW","","","","","","","","","",""
"dispatch-science","fnv1a32-71a7a3c1","DISPATCH_BOX","Answer five short briefs from the scientific register.","Alexander Fleming || Michael Faraday || Isaac Newton || Ada Lovelace || Tim Berners-Lee","","EXPERT","RULES_ENGINE","1. Alexander Fleming discovered penicillin in 1928. 2. Michael Faraday discovered electromagnetic induction in 1831. 3. Isaac Newton published the Principia Mathematica in 1687. 4. Ada Lovelace’s notes contained an algorithm for the proposed Analytical Engine. 5. Tim Berners-Lee invented the World Wide Web at CERN.","2026-08-31","","Science Museum, Fleming and penicillin | https://www.sciencemuseum.org.uk/ || Royal Institution, Michael Faraday | https://www.rigb.org/ || Royal Society, Newton’s Principia | https://royalsociety.org/ || Science Museum, Ada Lovelace | https://www.sciencemuseum.org.uk/ || CERN, The birth of the Web | https://home.cern/","false","","READY_FOR_INDEPENDENT_REVIEW","","","","","","","","","",""
"dispatch-literature","fnv1a32-a902cdba","DISPATCH_BOX","Answer five short briefs from the literary register.","George Orwell || Jane Austen || Arthur Conan Doyle || J. R. R. Tolkien || Macbeth","","MIXED","RULES_ENGINE","1. George Orwell wrote Nineteen Eighty-Four. 2. Pride and Prejudice was written by Jane Austen. 3. Arthur Conan Doyle created Sherlock Holmes. 4. The Hobbit was written by J. R. R. Tolkien. 5. The witches deliver their prophecy to Macbeth.","2026-08-31","","British Library, Nineteen Eighty-Four | https://www.bl.uk/ || British Library, Pride and Prejudice | https://www.bl.uk/ || British Library, Sherlock Holmes | https://www.bl.uk/ || The Tolkien Estate, The Hobbit | https://www.tolkienestate.com/ || Royal Shakespeare Company, Macbeth | https://www.rsc.org.uk/","false","","READY_FOR_INDEPENDENT_REVIEW","","","","","","","","","",""
"dispatch-arts","fnv1a32-6389c91d","DISPATCH_BOX","Answer five short briefs from the cultural register.","John Constable || Gustav Holst || Antony Gormley || Power station || Liverpool","","MIXED","RULES_ENGINE","1. John Constable painted The Hay Wain. 2. Gustav Holst composed The Planets. 3. The Angel of the North was created by Antony Gormley. 4. Tate Modern occupies the former Bankside Power Station. 5. The Beatles formed in Liverpool.","2026-08-31","","National Gallery, The Hay Wain | https://www.nationalgallery.org.uk/ || Philharmonia, The Planets | https://philharmonia.co.uk/ || Gateshead Council, Angel of the North | https://www.gateshead.gov.uk/ || Tate, Tate Modern history | https://www.tate.org.uk/ || National Museums Liverpool, The Beatles | https://www.liverpoolmuseums.org.uk/","false","","READY_FOR_INDEPENDENT_REVIEW","","","","","","","","","",""
"dispatch-civic","fnv1a32-9b5d8dcf","DISPATCH_BOX","Answer five short briefs from the civic register.","House of Commons || 10 Downing Street || Palace of Westminster || Speaker || 2009","","MIXED","RULES_ENGINE","1. Members of the House of Commons are elected by the public. 2. 10 Downing Street is the official residence of the Prime Minister. 3. Both Houses meet in the Palace of Westminster. 4. The Speaker chairs debates in the House of Commons. 5. The Supreme Court opened in October 2009.","2026-08-31","","UK Parliament, House of Commons | https://www.parliament.uk/ || GOV.UK, 10 Downing Street | https://www.gov.uk/ || UK Parliament, Palace of Westminster | https://www.parliament.uk/ || UK Parliament, The Speaker | https://www.parliament.uk/ || UK Supreme Court, History | https://www.supremecourt.uk/","false","","READY_FOR_INDEPENDENT_REVIEW","","","","","","","","","",""
"dispatch-sport","fnv1a32-f2f2e366","DISPATCH_BOX","Answer five short briefs from the sporting register.","Grass || Ten || Football || Rowing || Snooker","","ACCESSIBLE","RULES_ENGINE","1. Wimbledon is played on grass courts. 2. A decathlon consists of ten athletics events. 3. The FA Cup is an association football competition. 4. Henley Royal Regatta is a rowing event. 5. The World Snooker Championship is staged at the Crucible in Sheffield.","2026-08-31","","Wimbledon, The Grounds | https://www.wimbledon.com/ || World Athletics, Combined events | https://worldathletics.org/ || The Football Association, Emirates FA Cup | https://www.thefa.com/ || Henley Royal Regatta, History | https://www.hrr.co.uk/ || World Snooker Tour, Crucible history | https://www.wst.tv/","false","","READY_FOR_INDEPENDENT_REVIEW","","","","","","","","","",""
"dispatch-customs","fnv1a32-54dca380","DISPATCH_BOX","Answer five short briefs from the customs register.","Derbyshire || Cheese || Scotland || Lancashire || Cornwall","","ACCESSIBLE","RULES_ENGINE","1. Bakewell is a market town in Derbyshire. 2. Welsh rarebit is based on a seasoned cheese sauce served on toast. 3. Haggis is a traditional Scottish dish. 4. Eccles is historically part of Lancashire. 5. The protected Cornish pasty is associated with Cornwall.","2026-08-31","","Visit Peak District, Bakewell pudding | https://visitpeakdistrict.com/ || Visit Wales, Welsh rarebit | https://www.visitwales.com/ || VisitScotland, Haggis | https://www.visitscotland.com/ || Salford City Council, Eccles history | https://www.salford.gov.uk/ || GOV.UK, Cornish pasty protected status | https://www.gov.uk/","false","","READY_FOR_INDEPENDENT_REVIEW","","","","","","","","","",""
"dispatch-engineering","fnv1a32-010e971b","DISPATCH_BOX","Answer five short briefs from the engineering register.","Severn || George Stephenson || France || Isambard Kingdom Brunel || Boats","","EXPERT","RULES_ENGINE","1. The Iron Bridge crosses the River Severn at Ironbridge Gorge. 2. George and Robert Stephenson designed Rocket. 3. The Channel Tunnel links Folkestone with Coquelles in France. 4. Isambard Kingdom Brunel designed the Clifton Suspension Bridge. 5. The Falkirk Wheel is a rotating boat lift.","2026-08-31","","English Heritage, Iron Bridge | https://www.english-heritage.org.uk/ || Science Museum Group, Stephenson’s Rocket | https://www.sciencemuseum.org.uk/ || Getlink, Channel Tunnel | https://www.getlinkgroup.com/ || Clifton Suspension Bridge Trust, History | https://cliftonbridge.org.uk/ || Scottish Canals, The Falkirk Wheel | https://www.scottishcanals.co.uk/","false","","READY_FOR_INDEPENDENT_REVIEW","","","","","","","","","",""
"dispatch-castles","fnv1a32-ae374bc3","DISPATCH_BOX","Answer five short briefs from the castles register.","Windsor Castle || Caerphilly Castle || Edinburgh Castle || William I || East Sussex","","MIXED","RULES_ENGINE","1. Windsor Castle remains an official residence of the monarch. 2. Caerphilly is a major example of concentric castle design. 3. Edinburgh Castle crowns the volcanic Castle Rock. 4. William the Conqueror began the White Tower after 1066. 5. Bodiam Castle stands in East Sussex.","2026-08-31","","Royal Collection Trust, Windsor Castle | https://www.royal.uk/ || Cadw, Caerphilly Castle | https://cadw.gov.wales/ || Historic Environment Scotland, Edinburgh Castle | https://www.historicenvironment.scot/ || Historic Royal Palaces, Tower of London | https://www.hrp.org.uk/ || National Trust, Bodiam Castle | https://www.nationaltrust.org.uk/","false","","READY_FOR_INDEPENDENT_REVIEW","","","","","","","","","",""
"dispatch-natural-world","fnv1a32-db489c41","DISPATCH_BOX","Answer five short briefs from the natural world register.","Adder || Bat || Puffin || Oak || Red deer","","MIXED","RULES_ENGINE","1. The adder is Britain’s only native venomous snake. 2. Pipistrelles are small bats. 3. Puffins often nest in burrows in coastal colonies. 4. Acorns are the fruit of oak trees. 5. The red deer is Britain’s largest native land mammal.","2026-08-31","","The Wildlife Trusts, Adder | https://www.wildlifetrusts.org/ || Bat Conservation Trust, Pipistrelles | https://www.bats.org.uk/ || RSPB, Puffin | https://www.rspb.org.uk/ || Woodland Trust, Oak | https://www.woodlandtrust.org.uk/ || British Deer Society, Red deer | https://bds.org.uk/","false","","READY_FOR_INDEPENDENT_REVIEW","","","","","","","","","",""
"dispatch-wales","fnv1a32-132de553","DISPATCH_BOX","Answer five short briefs from the wales register.","Cardiff || Daffodil || Yr Wyddfa || Hay-on-Wye || Rugby union","","ACCESSIBLE","RULES_ENGINE","1. Cardiff is the capital of Wales. 2. The daffodil is a recognised Welsh national emblem. 3. Yr Wyddfa is the Welsh name for the mountain also called Snowdon. 4. Hay Festival is held in Hay-on-Wye. 5. The stadium is the national home of Welsh rugby union.","2026-08-31","","Welsh Government, Wales facts | https://www.gov.wales/ || Welsh Government, Welsh symbols | https://www.gov.wales/ || Eryri National Park, Yr Wyddfa | https://eryri.gov.wales/ || Hay Festival, About | https://www.hayfestival.com/ || Welsh Rugby Union, Principality Stadium | https://www.wru.wales/","false","","READY_FOR_INDEPENDENT_REVIEW","","","","","","","","","",""
"dispatch-scotland","fnv1a32-91652b32","DISPATCH_BOX","Answer five short briefs from the scotland register.","Unicorn || Aberdeen || Loch Ness || Clyde || Haggis","","ACCESSIBLE","RULES_ENGINE","1. The unicorn is Scotland’s national animal. 2. Aberdeen is widely called the Granite City. 3. Loch Ness has the greatest volume because of its depth. 4. Glasgow developed on the River Clyde. 5. Burns wrote Address to a Haggis.","2026-08-31","","National Records of Scotland, The Unicorn | https://www.nrscotland.gov.uk/ || Aberdeen City Council, City history | https://www.aberdeencity.gov.uk/ || NatureScot, Loch Ness | https://www.nature.scot/ || Glasgow City Council, River Clyde | https://www.glasgow.gov.uk/ || National Trust for Scotland, Robert Burns | https://www.nationaltrust.org.uk/","true","2027-02-28","READY_FOR_INDEPENDENT_REVIEW","","","","","","","","","",""
"dispatch-northern-ireland","fnv1a32-eaad0ac2","DISPATCH_BOX","Answer five short briefs from the northern ireland register.","County Antrim || Lagan || Mournes || Lough Neagh || Harland and Wolff","","ACCESSIBLE","RULES_ENGINE","1. The Giant’s Causeway is on the County Antrim coast. 2. Belfast stands on the River Lagan. 3. Slieve Donard is the highest peak in the Mourne Mountains. 4. Lough Neagh has the largest surface area. 5. Titanic was built by Harland and Wolff in Belfast.","2026-08-31","","National Trust, Giant’s Causeway | https://www.nationaltrust.org.uk/ || Belfast City Council, River Lagan | https://www.belfastcity.gov.uk/ || WalkNI, Slieve Donard | https://walkni.com/ || DAERA Northern Ireland, Lough Neagh | https://www.daera-ni.gov.uk/ || National Museums Northern Ireland, Titanic | https://www.nationalmuseumsni.org/","false","","READY_FOR_INDEPENDENT_REVIEW","","","","","","","","","",""
"dispatch-parliament","fnv1a32-467e3b27","DISPATCH_BOX","Answer five short briefs from the parliament register.","Bill || Prime Minister’s Questions || Royal Assent || The official edited report of debates || House of Commons","","EXPERT","RULES_ENGINE","1. A Bill is a proposal for a new law or a change to an existing law. 2. Prime Minister’s Questions is the regular session for MPs to question the Prime Minister. 3. A Bill becomes an Act after approval by both Houses and Royal Assent. 4. Hansard is the official edited report of parliamentary proceedings. 5. Members of the Commons are elected.","2026-08-31","","UK Parliament, What is a Bill? | https://www.parliament.uk/ || UK Parliament, Prime Minister’s Questions | https://www.parliament.uk/ || UK Parliament, How laws are made | https://www.parliament.uk/ || UK Parliament, Hansard | https://www.parliament.uk/ || UK Parliament, House of Commons | https://www.parliament.uk/","false","","READY_FOR_INDEPENDENT_REVIEW","","","","","","","","","",""
"dispatch-inventions","fnv1a32-cb242729","DISPATCH_BOX","Answer five short briefs from the inventions register.","John Logie Baird || Frank Whittle || Tim Berners-Lee || Charles Macintosh || John Boyd Dunlop","","MIXED","RULES_ENGINE","1. John Logie Baird demonstrated an early television system. 2. Frank Whittle patented a turbojet engine design in 1930. 3. Tim Berners-Lee proposed the World Wide Web at CERN. 4. Charles Macintosh developed waterproof fabric used for the Mackintosh coat. 5. John Boyd Dunlop patented a practical pneumatic tyre.","2026-08-31","","National Science and Media Museum, Baird television || Science Museum, Frank Whittle | https://www.sciencemuseum.org.uk/ || CERN, Birth of the Web | https://home.cern/ || National Museums Scotland, Macintosh | https://www.nms.ac.uk/ || National Museums Scotland, Dunlop tyre | https://www.nms.ac.uk/","false","","READY_FOR_INDEPENDENT_REVIEW","","","","","","","","","",""
"dispatch-literary-characters","fnv1a32-6f1c7c7e","DISPATCH_BOX","Answer five short briefs from the literary characters register.","Dr Watson || Paddington || Albus Dumbledore || Hercule Poirot || Alice","","MIXED","RULES_ENGINE","1. Dr John Watson narrates many Sherlock Holmes stories. 2. Paddington Bear lives with the Brown family at 32 Windsor Gardens. 3. Albus Dumbledore leads Hogwarts through most of the series. 4. Agatha Christie created Hercule Poirot. 5. Alice follows the White Rabbit down a rabbit hole.","2026-08-31","","British Library, Sherlock Holmes | https://www.bl.uk/ || Paddington official character history | https://www.paddington.com/ || Wizarding World, Albus Dumbledore | https://www.wizardingworld.com/ || Agatha Christie official site, Poirot | https://www.agathachristie.com/ || British Library, Alice in Wonderland | https://www.bl.uk/","false","","READY_FOR_INDEPENDENT_REVIEW","","","","","","","","","",""
"dispatch-industrial-britain","fnv1a32-af0aede0","DISPATCH_BOX","Answer five short briefs from the industrial britain register.","Iron || Manchester || Derwent || Tin and copper || Clyde","","MIXED","RULES_ENGINE","1. The Iron Bridge was the first major bridge made of cast iron. 2. Manchester was called Cottonopolis because of its textile industry. 3. The Derwent Valley mills used water power from the River Derwent. 4. Cornwall and west Devon were renowned for tin and copper mining. 5. The Clyde became a world-famous shipbuilding centre.","2026-08-31","","English Heritage, Iron Bridge | https://www.english-heritage.org.uk/ || Science and Industry Museum, Cottonopolis | https://www.scienceandindustrymuseum.org.uk/ || UNESCO, Derwent Valley Mills | https://whc.unesco.org/en/statesparties/gb || UNESCO, Cornwall and West Devon Mining Landscape | https://whc.unesco.org/en/statesparties/gb || Riverside Museum, Clyde shipbuilding | https://www.glasgowlife.org.uk/museums/venues/riverside-museum/","false","","READY_FOR_INDEPENDENT_REVIEW","","","","","","","","","",""
"dispatch-art-design","fnv1a32-31854db8","DISPATCH_BOX","Answer five short briefs from the art and design register.","Barbara Hepworth || Antony Gormley || Inigo Jones || Ceramics || J. M. W. Turner","","MIXED","RULES_ENGINE","1. Barbara Hepworth created Pelagos in 1946 and was central to the St Ives modernist community. 2. Antony Gormley created the Angel of the North. 3. Inigo Jones designed the Queen’s House. 4. The Willow pattern is a blue-and-white ceramic design. 5. Turner painted The Fighting Temeraire.","2026-08-31","","Tate, Barbara Hepworth and Pelagos | https://www.tate.org.uk/ || Gateshead Council, Angel of the North | https://www.gateshead.gov.uk/ || Royal Museums Greenwich, Queen’s House | https://www.rmg.co.uk/ || V&A, Willow pattern ceramics | https://www.vam.ac.uk/ || National Gallery, The Fighting Temeraire | https://www.nationalgallery.org.uk/","false","","READY_FOR_INDEPENDENT_REVIEW","","","","","","","","","",""
"dispatch-british-music","fnv1a32-583af155","DISPATCH_BOX","Answer five short briefs from the british music register.","Edward Elgar || Queen || Liverpool || Benjamin Britten || Adele","","ACCESSIBLE","RULES_ENGINE","1. Edward Elgar composed the Enigma Variations. 2. Queen released Bohemian Rhapsody in 1975. 3. The Beatles formed in Liverpool. 4. Benjamin Britten composed Peter Grimes. 5. Adele’s second studio album is titled 21.","2026-08-31","","Elgar Foundation, Enigma Variations || Queen official discography | https://www.queenonline.com/ || National Museums Liverpool, Beatles | https://www.liverpoolmuseums.org.uk/ || Britten Pears Arts, Peter Grimes | https://www.brittenpearsarts.org/ || Adele official discography | https://www.adele.com/","false","","READY_FOR_INDEPENDENT_REVIEW","","","","","","","","","",""
"dispatch-food-customs","fnv1a32-0f990a62","DISPATCH_BOX","Answer five short briefs from the food and customs register.","Haddock || Fruit loaf || Melton Mowbray || Cheese || 25 January","","ACCESSIBLE","RULES_ENGINE","1. Arbroath smokies are hot-smoked haddock. 2. Bara brith is a Welsh tea bread or fruit loaf. 3. Melton Mowbray pork pies have protected geographical status. 4. Welsh rarebit uses a seasoned cheese sauce. 5. Burns Night is held on the poet’s birthday, 25 January.","2026-08-31","","GOV.UK, Arbroath smokies protected status | https://www.gov.uk/ || Visit Wales, Bara brith | https://www.visitwales.com/ || GOV.UK, Melton Mowbray pork pie | https://www.gov.uk/ || Visit Wales, Welsh rarebit | https://www.visitwales.com/ || National Trust for Scotland, Burns Night | https://www.nationaltrust.org.uk/","false","","READY_FOR_INDEPENDENT_REVIEW","","","","","","","","","",""
"dispatch-sporting-venues","fnv1a32-074e62c9","DISPATCH_BOX","Answer five short briefs from the sporting venues register.","Cricket || Snooker || Grass || Rugby union || Thames","","ACCESSIBLE","RULES_ENGINE","1. Lord’s is a cricket ground and home of MCC. 2. The World Snooker Championship is staged at the Crucible. 3. Wimbledon is played on grass courts. 4. Murrayfield is the home of Scottish Rugby. 5. Henley Royal Regatta is raced on the Thames.","2026-08-31","","Marylebone Cricket Club, Lord’s | https://www.lords.org/mcc/ || World Snooker Tour, Crucible | https://www.wst.tv/ || Wimbledon, The Grounds | https://www.wimbledon.com/ || Scottish Rugby, Murrayfield | https://scottishrugby.org/ || Henley Royal Regatta, Course | https://www.hrr.co.uk/","false","","READY_FOR_INDEPENDENT_REVIEW","","","","","","","","","",""
"dispatch-transport","fnv1a32-9c86f914","DISPATCH_BOX","Answer five short briefs from the transport register.","Metropolitan Railway || Forth Bridge || Isambard Kingdom Brunel || Boats || Channel Tunnel","","ACCESSIBLE","RULES_ENGINE","1. The Metropolitan Railway was the world’s first underground passenger railway. 2. The Forth Bridge is the cantilever railway crossing. 3. Brunel was engineer of the Great Western Railway. 4. The Falkirk Wheel transfers boats between canal levels. 5. The Channel Tunnel links Folkestone and Coquelles.","2026-08-31","","Transport for London, Underground history | https://tfl.gov.uk/ || Forth Bridges, Forth Bridge | https://www.theforthbridges.org/ || SS Great Britain Trust, Brunel | https://www.ssgreatbritain.org/ || Scottish Canals, Falkirk Wheel | https://www.scottishcanals.co.uk/ || Getlink, Channel Tunnel | https://www.getlinkgroup.com/","false","","READY_FOR_INDEPENDENT_REVIEW","","","","","","","","","",""
"dispatch-quirks-traditions","fnv1a32-e0059241","DISPATCH_BOX","Answer five short briefs from the quirks and traditions register.","Mute swans || Ceremony of the Keys || Red || Jaffa Cake || Cheese","","ACCESSIBLE","RULES_ENGINE","1. Swan Upping is the annual census of swans on the Thames. 2. The Ceremony of the Keys is the nightly locking-up ritual. 3. Most traditional British pillar boxes are red. 4. A VAT tribunal classified Jaffa Cakes as cakes. 5. Competitors chase a Double Gloucester cheese down Cooper’s Hill.","2026-08-31","","Royal Family, Swan Upping | https://www.royal.uk/ || Historic Royal Palaces, Ceremony of the Keys | https://www.hrp.org.uk/ || The Postal Museum, Pillar boxes | https://www.postalmuseum.org/ || United Biscuits v Customs and Excise Commissioners || Gloucester City Council, Cheese rolling | https://www.gloucester.gov.uk/","false","","READY_FOR_INDEPENDENT_REVIEW","","","","","","","","","",""